[
 {
  "Time": 0.0,
  "Velocity": 0
 },
 {
  "Time": 0.8003489971160889,
  "Velocity": 0
 },
 {
  "Time": 1.6044921875,
  "Velocity": 3975
 },
 {
  "Time": 2.404301166534424,
  "Velocity": 5618
 },
 {
  "Time": 3.20475697517395,
  "Velocity": 5768
 },
 {
  "Time": 4.0050554275512695,
  "Velocity": 5775
 },
 {
  "Time": 4.806126117706299,
  "Velocity": 5843
 },
 {
  "Time": 5.606656312942505,
  "Velocity": 5693
 },
 {
  "Time": 6.406310319900513,
  "Velocity": 5768
 },
 {
  "Time": 7.207400798797607,
  "Velocity": 5775
 },
 {
  "Time": 8.008724927902222,
  "Velocity": 5693
 },
 {
  "Time": 8.809454679489136,
  "Velocity": 5768
 },
 {
  "Time": 9.609705448150635,
  "Velocity": 5768
 },
 {
  "Time": 10.41027045249939,
  "Velocity": 5768
 },
 {
  "Time": 11.211140155792236,
  "Velocity": 5850
 },
 {
  "Time": 12.011695623397827,
  "Velocity": 5693
 },
 {
  "Time": 12.811582565307617,
  "Velocity": 5768
 },
 {
  "Time": 13.612677574157715,
  "Velocity": 5768
 },
 {
  "Time": 14.41286039352417,
  "Velocity": 5775
 },
 {
  "Time": 15.214152097702026,
  "Velocity": 5693
 },
 {
  "Time": 16.013583183288574,
  "Velocity": 5768
 },
 {
  "Time": 16.814648151397705,
  "Velocity": 5850
 },
 {
  "Time": 17.614609956741333,
  "Velocity": 5850
 },
 {
  "Time": 18.4153790473938,
  "Velocity": 5768
 },
 {
  "Time": 19.215867042541504,
  "Velocity": 5768
 },
 {
  "Time": 20.01647400856018,
  "Velocity": 5618
 },
 {
  "Time": 20.816807985305786,
  "Velocity": 5700
 },
 {
  "Time": 21.618267059326172,
  "Velocity": 5768
 }
]