[
 {
  "Time": 0.0,
  "Velocity": 296
 },
 {
  "Time": 0.8003809452056885,
  "Velocity": 225
 },
 {
  "Time": 1.6006808280944824,
  "Velocity": 525
 },
 {
  "Time": 2.401148796081543,
  "Velocity": 750
 },
 {
  "Time": 3.2016706466674805,
  "Velocity": 749
 },
 {
  "Time": 4.001165151596069,
  "Velocity": 899
 },
 {
  "Time": 4.802081823348999,
  "Velocity": 825
 },
 {
  "Time": 5.602707862854004,
  "Velocity": 899
 },
 {
  "Time": 6.403131723403931,
  "Velocity": 899
 },
 {
  "Time": 7.203710079193115,
  "Velocity": 749
 },
 {
  "Time": 8.004817247390747,
  "Velocity": 825
 },
 {
  "Time": 8.805682182312012,
  "Velocity": 899
 },
 {
  "Time": 9.605573415756226,
  "Velocity": 825
 },
 {
  "Time": 10.406142711639404,
  "Velocity": 824
 },
 {
  "Time": 11.20690369606018,
  "Velocity": 749
 },
 {
  "Time": 12.007276058197021,
  "Velocity": 900
 },
 {
  "Time": 12.807210683822632,
  "Velocity": 899
 },
 {
  "Time": 13.608398675918579,
  "Velocity": 974
 },
 {
  "Time": 14.40815258026123,
  "Velocity": 749
 },
 {
  "Time": 15.209068775177002,
  "Velocity": 825
 },
 {
  "Time": 16.00968074798584,
  "Velocity": 899
 },
 {
  "Time": 16.8096182346344,
  "Velocity": 824
 },
 {
  "Time": 17.609580516815186,
  "Velocity": 824
 },
 {
  "Time": 18.410409688949585,
  "Velocity": 975
 },
 {
  "Time": 19.211629629135132,
  "Velocity": 825
 },
 {
  "Time": 20.011582851409912,
  "Velocity": 824
 },
 {
  "Time": 20.812218189239502,
  "Velocity": 899
 },
 {
  "Time": 21.612061262130737,
  "Velocity": 975
 }
]