[
 {
  "Time": 0.0,
  "Velocity": 672
 },
 {
  "Time": 0.8011436462402344,
  "Velocity": 1124
 },
 {
  "Time": 1.6014106273651123,
  "Velocity": 750
 },
 {
  "Time": 2.402235984802246,
  "Velocity": 1350
 },
 {
  "Time": 3.2032787799835205,
  "Velocity": 1498
 },
 {
  "Time": 4.00360631942749,
  "Velocity": 1573
 },
 {
  "Time": 4.80355978012085,
  "Velocity": 1575
 },
 {
  "Time": 5.604016304016113,
  "Velocity": 1573
 },
 {
  "Time": 6.404924154281616,
  "Velocity": 1723
 },
 {
  "Time": 7.2051637172698975,
  "Velocity": 1648
 },
 {
  "Time": 8.00713038444519,
  "Velocity": 1650
 },
 {
  "Time": 8.807515859603882,
  "Velocity": 1573
 },
 {
  "Time": 9.60777997970581,
  "Velocity": 1723
 },
 {
  "Time": 10.407770156860352,
  "Velocity": 1648
 },
 {
  "Time": 11.208534717559814,
  "Velocity": 1648
 },
 {
  "Time": 12.009322166442871,
  "Velocity": 1650
 },
 {
  "Time": 12.80934476852417,
  "Velocity": 1573
 },
 {
  "Time": 13.610459566116333,
  "Velocity": 1573
 },
 {
  "Time": 14.41090440750122,
  "Velocity": 1723
 },
 {
  "Time": 15.210797786712646,
  "Velocity": 1575
 },
 {
  "Time": 16.01158356666565,
  "Velocity": 1723
 },
 {
  "Time": 16.81228804588318,
  "Velocity": 1648
 },
 {
  "Time": 17.61258554458618,
  "Velocity": 1723
 },
 {
  "Time": 18.413416862487793,
  "Velocity": 1725
 },
 {
  "Time": 19.213913202285767,
  "Velocity": 1648
 },
 {
  "Time": 20.014556407928467,
  "Velocity": 1650
 },
 {
  "Time": 20.814914226531982,
  "Velocity": 1648
 },
 {
  "Time": 21.614896297454834,
  "Velocity": 1573
 }
]