[
 {
  "Time": 0.0,
  "Velocity": 0
 },
 {
  "Time": 0.7999763488769531,
  "Velocity": 0
 },
 {
  "Time": 1.6030995845794678,
  "Velocity": 1200
 },
 {
  "Time": 2.4038453102111816,
  "Velocity": 2097
 },
 {
  "Time": 3.2047317028045654,
  "Velocity": 2400
 },
 {
  "Time": 4.005101203918457,
  "Velocity": 2547
 },
 {
  "Time": 4.805959939956665,
  "Velocity": 2547
 },
 {
  "Time": 5.605681419372559,
  "Velocity": 2547
 },
 {
  "Time": 6.405831813812256,
  "Velocity": 2550
 },
 {
  "Time": 7.207160949707031,
  "Velocity": 2697
 },
 {
  "Time": 8.008281946182251,
  "Velocity": 2697
 },
 {
  "Time": 8.809194564819336,
  "Velocity": 2697
 },
 {
  "Time": 9.609772443771362,
  "Velocity": 2550
 },
 {
  "Time": 10.410491228103638,
  "Velocity": 2697
 },
 {
  "Time": 11.210140228271484,
  "Velocity": 2622
 },
 {
  "Time": 12.011133432388306,
  "Velocity": 2697
 },
 {
  "Time": 12.811489343643188,
  "Velocity": 2628
 },
 {
  "Time": 13.611706733703613,
  "Velocity": 2622
 },
 {
  "Time": 14.412357807159424,
  "Velocity": 2697
 },
 {
  "Time": 15.21242094039917,
  "Velocity": 2697
 },
 {
  "Time": 16.013084173202515,
  "Velocity": 2697
 },
 {
  "Time": 16.814305782318115,
  "Velocity": 2700
 },
 {
  "Time": 17.614312410354614,
  "Velocity": 2697
 },
 {
  "Time": 18.41509175300598,
  "Velocity": 2697
 },
 {
  "Time": 19.215150356292725,
  "Velocity": 2547
 },
 {
  "Time": 20.015907287597656,
  "Velocity": 2700
 },
 {
  "Time": 20.816306352615356,
  "Velocity": 2622
 },
 {
  "Time": 21.61717939376831,
  "Velocity": 2697
 }
]