[
 {
  "Time": 0.0,
  "Velocity": 665
 },
 {
  "Time": 0.8002574443817139,
  "Velocity": 899
 },
 {
  "Time": 1.602219820022583,
  "Velocity": 2322
 },
 {
  "Time": 2.4016687870025635,
  "Velocity": 4350
 },
 {
  "Time": 3.203923225402832,
  "Velocity": 4725
 },
 {
  "Time": 4.002638816833496,
  "Velocity": 4719
 },
 {
  "Time": 4.803678035736084,
  "Velocity": 4719
 },
 {
  "Time": 5.6041107177734375,
  "Velocity": 4719
 },
 {
  "Time": 6.404864072799683,
  "Velocity": 4800
 },
 {
  "Time": 7.204527378082275,
  "Velocity": 4794
 },
 {
  "Time": 8.00680685043335,
  "Velocity": 4719
 },
 {
  "Time": 8.806955099105835,
  "Velocity": 4794
 },
 {
  "Time": 9.607160091400146,
  "Velocity": 4800
 },
 {
  "Time": 10.407691478729248,
  "Velocity": 4794
 },
 {
  "Time": 11.208724737167358,
  "Velocity": 4794
 },
 {
  "Time": 12.008991479873657,
  "Velocity": 4869
 },
 {
  "Time": 12.80948257446289,
  "Velocity": 4869
 },
 {
  "Time": 13.609435319900513,
  "Velocity": 4800
 },
 {
  "Time": 14.411008834838867,
  "Velocity": 4794
 },
 {
  "Time": 15.210629940032959,
  "Velocity": 4794
 },
 {
  "Time": 16.0117449760437,
  "Velocity": 4794
 },
 {
  "Time": 16.81169295310974,
  "Velocity": 4725
 },
 {
  "Time": 17.612913131713867,
  "Velocity": 4794
 },
 {
  "Time": 18.41317653656006,
  "Velocity": 4719
 },
 {
  "Time": 19.214003324508667,
  "Velocity": 4869
 },
 {
  "Time": 20.01370072364807,
  "Velocity": 4875
 },
 {
  "Time": 20.81468439102173,
  "Velocity": 4719
 },
 {
  "Time": 21.615001440048218,
  "Velocity": 4875
 }
]