[
 {
  "Time": 0.0,
  "Velocity": 789
 },
 {
  "Time": 0.8020544052124023,
  "Velocity": 1124
 },
 {
  "Time": 1.6027045249938965,
  "Velocity": 1723
 },
 {
  "Time": 2.4029173851013184,
  "Velocity": 3221
 },
 {
  "Time": 3.2034740447998047,
  "Velocity": 3605
 },
 {
  "Time": 4.003936290740967,
  "Velocity": 3670
 },
 {
  "Time": 4.804478406906128,
  "Velocity": 3745
 },
 {
  "Time": 5.604524850845337,
  "Velocity": 3820
 },
 {
  "Time": 6.405620336532593,
  "Velocity": 3750
 },
 {
  "Time": 7.206153154373169,
  "Velocity": 3895
 },
 {
  "Time": 8.007466077804565,
  "Velocity": 3670
 },
 {
  "Time": 8.808188438415527,
  "Velocity": 3820
 },
 {
  "Time": 9.608808040618896,
  "Velocity": 3750
 },
 {
  "Time": 10.409362554550171,
  "Velocity": 3745
 },
 {
  "Time": 11.209531545639038,
  "Velocity": 3820
 },
 {
  "Time": 12.009967565536499,
  "Velocity": 3745
 },
 {
  "Time": 12.810224056243896,
  "Velocity": 3900
 },
 {
  "Time": 13.611441135406494,
  "Velocity": 3820
 },
 {
  "Time": 14.411680459976196,
  "Velocity": 3820
 },
 {
  "Time": 15.21242642402649,
  "Velocity": 3820
 },
 {
  "Time": 16.012922048568726,
  "Velocity": 3895
 },
 {
  "Time": 16.813555002212524,
  "Velocity": 3825
 },
 {
  "Time": 17.61350131034851,
  "Velocity": 3895
 },
 {
  "Time": 18.413538694381714,
  "Velocity": 3820
 },
 {
  "Time": 19.214783906936646,
  "Velocity": 3745
 },
 {
  "Time": 20.01476764678955,
  "Velocity": 3825
 },
 {
  "Time": 20.815543174743652,
  "Velocity": 3895
 },
 {
  "Time": 21.6163489818573,
  "Velocity": 3825
 }
]