[
 {
  "Time": 0.0,
  "Velocity": 0
 },
 {
  "Time": 0.20156550407409668,
  "Velocity": 300
 },
 {
  "Time": 0.4032156467437744,
  "Velocity": 299
 },
 {
  "Time": 0.6037023067474365,
  "Velocity": 299
 },
 {
  "Time": 0.8039178848266602,
  "Velocity": 302
 },
 {
  "Time": 1.0041346549987793,
  "Velocity": 597
 },
 {
  "Time": 1.2032108306884766,
  "Velocity": 0
 },
 {
  "Time": 1.4054150581359863,
  "Velocity": 300
 },
 {
  "Time": 1.6044597625732422,
  "Velocity": 0
 },
 {
  "Time": 1.8071939945220947,
  "Velocity": 597
 },
 {
  "Time": 2.0077052116394043,
  "Velocity": 597
 },
 {
  "Time": 2.2060699462890625,
  "Velocity": 0
 },
 {
  "Time": 2.408691167831421,
  "Velocity": 597
 },
 {
  "Time": 2.608386993408203,
  "Velocity": 299
 },
 {
  "Time": 2.8094143867492676,
  "Velocity": 300
 },
 {
  "Time": 3.0077545642852783,
  "Velocity": 0
 },
 {
  "Time": 3.208502769470215,
  "Velocity": 0
 },
 {
  "Time": 3.4110352993011475,
  "Velocity": 299
 },
 {
  "Time": 3.609138011932373,
  "Velocity": 0
 },
 {
  "Time": 3.812220335006714,
  "Velocity": 299
 },
 {
  "Time": 4.012341737747192,
  "Velocity": 299
 },
 {
  "Time": 4.211534023284912,
  "Velocity": 0
 },
 {
  "Time": 4.411756992340088,
  "Velocity": 0
 },
 {
  "Time": 4.612553596496582,
  "Velocity": 0
 },
 {
  "Time": 4.814675807952881,
  "Velocity": 302
 },
 {
  "Time": 5.015020847320557,
  "Velocity": 299
 },
 {
  "Time": 5.215766906738281,
  "Velocity": 299
 },
 {
  "Time": 5.416444301605225,
  "Velocity": 597
 },
 {
  "Time": 5.617011785507202,
  "Velocity": 300
 },
 {
  "Time": 5.8174004554748535,
  "Velocity": 299
 },
 {
  "Time": 6.018121957778931,
  "Velocity": 299
 },
 {
  "Time": 6.21610951423645,
  "Velocity": 0
 },
 {
  "Time": 6.419481515884399,
  "Velocity": 299
 },
 {
  "Time": 6.620117902755737,
  "Velocity": 299
 },
 {
  "Time": 6.820802450180054,
  "Velocity": 300
 },
 {
  "Time": 7.0209572315216064,
  "Velocity": 597
 },
 {
  "Time": 7.221953868865967,
  "Velocity": 299
 },
 {
  "Time": 7.422109842300415,
  "Velocity": 299
 },
 {
  "Time": 7.623089551925659,
  "Velocity": 300
 },
 {
  "Time": 7.821083307266235,
  "Velocity": 0
 },
 {
  "Time": 8.024066925048828,
  "Velocity": 300
 },
 {
  "Time": 8.225079536437988,
  "Velocity": 600
 },
 {
  "Time": 8.425820589065552,
  "Velocity": 299
 },
 {
  "Time": 8.624784231185913,
  "Velocity": 0
 },
 {
  "Time": 8.827786922454834,
  "Velocity": 300
 },
 {
  "Time": 9.027808666229248,
  "Velocity": 299
 },
 {
  "Time": 9.228083372116089,
  "Velocity": 299
 },
 {
  "Time": 9.428991794586182,
  "Velocity": 597
 },
 {
  "Time": 9.629575490951538,
  "Velocity": 300
 },
 {
  "Time": 9.82851505279541,
  "Velocity": 0
 },
 {
  "Time": 10.031090497970581,
  "Velocity": 299
 },
 {
  "Time": 10.2316734790802,
  "Velocity": 600
 },
 {
  "Time": 10.429689168930054,
  "Velocity": 0
 },
 {
  "Time": 10.632584571838379,
  "Velocity": 597
 },
 {
  "Time": 10.831586360931396,
  "Velocity": 0
 },
 {
  "Time": 11.034391403198242,
  "Velocity": 300
 },
 {
  "Time": 11.23212218284607,
  "Velocity": 0
 },
 {
  "Time": 11.433342695236206,
  "Velocity": 0
 },
 {
  "Time": 11.63591980934143,
  "Velocity": 300
 },
 {
  "Time": 11.835543632507324,
  "Velocity": 299
 },
 {
  "Time": 12.036520957946777,
  "Velocity": 299
 },
 {
  "Time": 12.235523462295532,
  "Velocity": 0
 },
 {
  "Time": 12.435733556747437,
  "Velocity": 0
 },
 {
  "Time": 12.636452674865723,
  "Velocity": 0
 },
 {
  "Time": 12.839334964752197,
  "Velocity": 299
 },
 {
  "Time": 13.037306308746338,
  "Velocity": 0
 },
 {
  "Time": 13.238256216049194,
  "Velocity": 0
 },
 {
  "Time": 13.437999248504639,
  "Velocity": 0
 },
 {
  "Time": 13.641443252563477,
  "Velocity": 302
 },
 {
  "Time": 13.841326236724854,
  "Velocity": 299
 },
 {
  "Time": 14.042146444320679,
  "Velocity": 299
 },
 {
  "Time": 14.240409851074219,
  "Velocity": 0
 },
 {
  "Time": 14.441511631011963,
  "Velocity": 0
 },
 {
  "Time": 14.643904685974121,
  "Velocity": 299
 },
 {
  "Time": 14.845832109451294,
  "Velocity": -299
 },
 {
  "Time": 15.04547929763794,
  "Velocity": 300
 },
 {
  "Time": 15.24351978302002,
  "Velocity": 0
 },
 {
  "Time": 15.446247100830078,
  "Velocity": 597
 },
 {
  "Time": 15.646933555603027,
  "Velocity": 600
 },
 {
  "Time": 15.848016023635864,
  "Velocity": 299
 },
 {
  "Time": 16.049264192581177,
  "Velocity": -299
 },
 {
  "Time": 16.24910855293274,
  "Velocity": 300
 },
 {
  "Time": 16.450111150741577,
  "Velocity": 299
 },
 {
  "Time": 16.64974331855774,
  "Velocity": 597
 },
 {
  "Time": 16.850733280181885,
  "Velocity": 597
 },
 {
  "Time": 17.05103349685669,
  "Velocity": 600
 },
 {
  "Time": 17.252359628677368,
  "Velocity": 299
 },
 {
  "Time": 17.45045781135559,
  "Velocity": 0
 },
 {
  "Time": 17.65064263343811,
  "Velocity": 0
 },
 {
  "Time": 17.853116750717163,
  "Velocity": 300
 },
 {
  "Time": 18.051993131637573,
  "Velocity": 0
 },
 {
  "Time": 18.25505542755127,
  "Velocity": 600
 },
 {
  "Time": 18.455080032348633,
  "Velocity": 597
 },
 {
  "Time": 18.656280279159546,
  "Velocity": 597
 },
 {
  "Time": 18.857078552246094,
  "Velocity": 299
 },
 {
  "Time": 19.05698013305664,
  "Velocity": 900
 },
 {
  "Time": 19.257981538772583,
  "Velocity": 299
 },
 {
  "Time": 19.45873236656189,
  "Velocity": 299
 },
 {
  "Time": 19.656781673431396,
  "Velocity": 0
 },
 {
  "Time": 19.859498977661133,
  "Velocity": 299
 },
 {
  "Time": 20.060436010360718,
  "Velocity": 597
 },
 {
  "Time": 20.260371923446655,
  "Velocity": 597
 },
 {
  "Time": 20.45924425125122,
  "Velocity": 0
 },
 {
  "Time": 20.66217064857483,
  "Velocity": 597
 },
 {
  "Time": 20.860798358917236,
  "Velocity": 0
 },
 {
  "Time": 21.06312894821167,
  "Velocity": 600
 },
 {
  "Time": 21.26358151435852,
  "Velocity": 597
 },
 {
  "Time": 21.464197158813477,
  "Velocity": 299
 },
 {
  "Time": 21.665148496627808,
  "Velocity": 300
 }
]