[
 {
  "Time": 0.0,
  "Velocity": 1141
 },
 {
  "Time": 0.20168495178222656,
  "Velocity": 1194
 },
 {
  "Time": 0.40057945251464844,
  "Velocity": 597
 },
 {
  "Time": 0.601593017578125,
  "Velocity": 300
 },
 {
  "Time": 0.8016254901885986,
  "Velocity": 597
 },
 {
  "Time": 1.0029101371765137,
  "Velocity": 896
 },
 {
  "Time": 1.2026913166046143,
  "Velocity": 597
 },
 {
  "Time": 1.4036898612976074,
  "Velocity": 900
 },
 {
  "Time": 1.6043245792388916,
  "Velocity": 896
 },
 {
  "Time": 1.80625581741333,
  "Velocity": 1200
 },
 {
  "Time": 2.006287097930908,
  "Velocity": 1200
 },
 {
  "Time": 2.2073912620544434,
  "Velocity": 1194
 },
 {
  "Time": 2.4083938598632812,
  "Velocity": 1493
 },
 {
  "Time": 2.608487129211426,
  "Velocity": 1500
 },
 {
  "Time": 2.8092076778411865,
  "Velocity": 1493
 },
 {
  "Time": 3.009202718734741,
  "Velocity": 1194
 },
 {
  "Time": 3.210205316543579,
  "Velocity": 1493
 },
 {
  "Time": 3.4107766151428223,
  "Velocity": 1500
 },
 {
  "Time": 3.6113967895507812,
  "Velocity": 1493
 },
 {
  "Time": 3.812458038330078,
  "Velocity": 1194
 },
 {
  "Time": 4.013434410095215,
  "Velocity": 1200
 },
 {
  "Time": 4.213436841964722,
  "Velocity": 1493
 },
 {
  "Time": 4.414439678192139,
  "Velocity": 1194
 },
 {
  "Time": 4.614544868469238,
  "Velocity": 1493
 },
 {
  "Time": 4.815533399581909,
  "Velocity": 1200
 },
 {
  "Time": 5.015817880630493,
  "Velocity": 1194
 },
 {
  "Time": 5.216822385787964,
  "Velocity": 1493
 },
 {
  "Time": 5.417826175689697,
  "Velocity": 1200
 },
 {
  "Time": 5.617828130722046,
  "Velocity": 1194
 },
 {
  "Time": 5.818836688995361,
  "Velocity": 1493
 },
 {
  "Time": 6.01943826675415,
  "Velocity": 1200
 },
 {
  "Time": 6.220409870147705,
  "Velocity": 1194
 },
 {
  "Time": 6.420453071594238,
  "Velocity": 1194
 },
 {
  "Time": 6.62117338180542,
  "Velocity": 1194
 },
 {
  "Time": 6.822169065475464,
  "Velocity": 1200
 },
 {
  "Time": 7.0221240520477295,
  "Velocity": 1194
 },
 {
  "Time": 7.223121881484985,
  "Velocity": 1194
 },
 {
  "Time": 7.424258708953857,
  "Velocity": 1200
 },
 {
  "Time": 7.624261379241943,
  "Velocity": 1194
 },
 {
  "Time": 7.825510025024414,
  "Velocity": 1194
 },
 {
  "Time": 8.02715277671814,
  "Velocity": 1500
 },
 {
  "Time": 8.228077411651611,
  "Velocity": 1194
 },
 {
  "Time": 8.428083181381226,
  "Velocity": 1194
 },
 {
  "Time": 8.62964415550232,
  "Velocity": 1493
 },
 {
  "Time": 8.830149173736572,
  "Velocity": 1194
 },
 {
  "Time": 9.030656814575195,
  "Velocity": 1493
 },
 {
  "Time": 9.230659008026123,
  "Velocity": 1194
 },
 {
  "Time": 9.43166208267212,
  "Velocity": 1500
 },
 {
  "Time": 9.631820678710938,
  "Velocity": 1194
 },
 {
  "Time": 9.832824468612671,
  "Velocity": 1493
 },
 {
  "Time": 10.033158540725708,
  "Velocity": 1493
 },
 {
  "Time": 10.234640836715698,
  "Velocity": 1500
 },
 {
  "Time": 10.434736728668213,
  "Velocity": 1194
 },
 {
  "Time": 10.635839700698853,
  "Velocity": 1493
 },
 {
  "Time": 10.83666443824768,
  "Velocity": 1500
 },
 {
  "Time": 11.037369012832642,
  "Velocity": 1493
 },
 {
  "Time": 11.238095045089722,
  "Velocity": 1194
 },
 {
  "Time": 11.438546180725098,
  "Velocity": 1200
 },
 {
  "Time": 11.639480590820312,
  "Velocity": 1194
 },
 {
  "Time": 11.839826107025146,
  "Velocity": 1493
 },
 {
  "Time": 12.040238618850708,
  "Velocity": 1493
 },
 {
  "Time": 12.241222143173218,
  "Velocity": 1200
 },
 {
  "Time": 12.441224813461304,
  "Velocity": 1194
 },
 {
  "Time": 12.642783164978027,
  "Velocity": 1493
 },
 {
  "Time": 12.842873334884644,
  "Velocity": 1200
 },
 {
  "Time": 13.043878078460693,
  "Velocity": 1493
 },
 {
  "Time": 13.244799375534058,
  "Velocity": 1194
 },
 {
  "Time": 13.444802284240723,
  "Velocity": 1194
 },
 {
  "Time": 13.645492792129517,
  "Velocity": 1500
 },
 {
  "Time": 13.846907138824463,
  "Velocity": 1194
 },
 {
  "Time": 14.046913146972656,
  "Velocity": 1194
 },
 {
  "Time": 14.247832298278809,
  "Velocity": 1500
 },
 {
  "Time": 14.44882583618164,
  "Velocity": 1194
 },
 {
  "Time": 14.64876937866211,
  "Velocity": 1194
 },
 {
  "Time": 14.849772691726685,
  "Velocity": 1200
 },
 {
  "Time": 15.050633668899536,
  "Velocity": 1493
 },
 {
  "Time": 15.251120805740356,
  "Velocity": 1194
 },
 {
  "Time": 15.451965808868408,
  "Velocity": 1194
 },
 {
  "Time": 15.652494192123413,
  "Velocity": 1500
 },
 {
  "Time": 15.852834224700928,
  "Velocity": 1194
 },
 {
  "Time": 16.05383563041687,
  "Velocity": 1194
 },
 {
  "Time": 16.254919290542603,
  "Velocity": 1493
 },
 {
  "Time": 16.45538353919983,
  "Velocity": 1194
 },
 {
  "Time": 16.65614914894104,
  "Velocity": 1493
 },
 {
  "Time": 16.857100009918213,
  "Velocity": 1194
 },
 {
  "Time": 17.05745816230774,
  "Velocity": 1500
 },
 {
  "Time": 17.258273124694824,
  "Velocity": 1493
 },
 {
  "Time": 17.45826530456543,
  "Velocity": 1493
 },
 {
  "Time": 17.659098386764526,
  "Velocity": 1200
 },
 {
  "Time": 17.86014699935913,
  "Velocity": 1493
 },
 {
  "Time": 18.06009602546692,
  "Velocity": 1493
 },
 {
  "Time": 18.261541843414307,
  "Velocity": 1500
 },
 {
  "Time": 18.46179747581482,
  "Velocity": 1194
 },
 {
  "Time": 18.6621572971344,
  "Velocity": 1194
 },
 {
  "Time": 18.862995862960815,
  "Velocity": 1493
 },
 {
  "Time": 19.063641786575317,
  "Velocity": 1200
 },
 {
  "Time": 19.264216423034668,
  "Velocity": 1493
 },
 {
  "Time": 19.465325832366943,
  "Velocity": 1194
 },
 {
  "Time": 19.66621994972229,
  "Velocity": 1500
 },
 {
  "Time": 19.866222381591797,
  "Velocity": 1194
 },
 {
  "Time": 20.06736421585083,
  "Velocity": 1194
 },
 {
  "Time": 20.267804622650146,
  "Velocity": 1500
 },
 {
  "Time": 20.468814849853516,
  "Velocity": 1493
 },
 {
  "Time": 20.6689670085907,
  "Velocity": 1194
 },
 {
  "Time": 20.869969129562378,
  "Velocity": 1791
 },
 {
  "Time": 21.0697124004364,
  "Velocity": 900
 },
 {
  "Time": 21.271341800689697,
  "Velocity": 1493
 },
 {
  "Time": 21.472408533096313,
  "Velocity": 1194
 }
]