[
 {
  "Time": 0.0,
  "Velocity": 0
 },
 {
  "Time": 0.2010798454284668,
  "Velocity": 0
 },
 {
  "Time": 0.40308403968811035,
  "Velocity": 600
 },
 {
  "Time": 0.605006217956543,
  "Velocity": 1493
 },
 {
  "Time": 0.8058686256408691,
  "Velocity": 1800
 },
 {
  "Time": 1.005955457687378,
  "Velocity": 2687
 },
 {
  "Time": 1.2068886756896973,
  "Velocity": 2985
 },
 {
  "Time": 1.407790184020996,
  "Velocity": 3000
 },
 {
  "Time": 1.6079351902008057,
  "Velocity": 3284
 },
 {
  "Time": 1.8089396953582764,
  "Velocity": 3582
 },
 {
  "Time": 2.0100128650665283,
  "Velocity": 3881
 },
 {
  "Time": 2.2104740142822266,
  "Velocity": 3600
 },
 {
  "Time": 2.411116361618042,
  "Velocity": 3881
 },
 {
  "Time": 2.611588716506958,
  "Velocity": 3582
 },
 {
  "Time": 2.812594175338745,
  "Velocity": 3900
 },
 {
  "Time": 3.0125155448913574,
  "Velocity": 3881
 },
 {
  "Time": 3.2131450176239014,
  "Velocity": 3881
 },
 {
  "Time": 3.413841724395752,
  "Velocity": 3881
 },
 {
  "Time": 3.614797592163086,
  "Velocity": 3900
 },
 {
  "Time": 3.8158247470855713,
  "Velocity": 3582
 },
 {
  "Time": 4.016160488128662,
  "Velocity": 3881
 },
 {
  "Time": 4.216733455657959,
  "Velocity": 3900
 },
 {
  "Time": 4.41731595993042,
  "Velocity": 3582
 },
 {
  "Time": 4.61777663230896,
  "Velocity": 3881
 },
 {
  "Time": 4.818891286849976,
  "Velocity": 3900
 },
 {
  "Time": 5.018903493881226,
  "Velocity": 3881
 },
 {
  "Time": 5.220281362533569,
  "Velocity": 3881
 },
 {
  "Time": 5.420543432235718,
  "Velocity": 3582
 },
 {
  "Time": 5.6213743686676025,
  "Velocity": 3900
 },
 {
  "Time": 5.821954250335693,
  "Velocity": 3881
 },
 {
  "Time": 6.022317171096802,
  "Velocity": 3582
 },
 {
  "Time": 6.223191022872925,
  "Velocity": 3600
 },
 {
  "Time": 6.423938751220703,
  "Velocity": 3881
 },
 {
  "Time": 6.624384164810181,
  "Velocity": 3881
 },
 {
  "Time": 6.82508111000061,
  "Velocity": 3881
 },
 {
  "Time": 7.0260889530181885,
  "Velocity": 3600
 },
 {
  "Time": 7.226001977920532,
  "Velocity": 3881
 },
 {
  "Time": 7.427007675170898,
  "Velocity": 3881
 },
 {
  "Time": 7.627500057220459,
  "Velocity": 3900
 },
 {
  "Time": 7.828171968460083,
  "Velocity": 3881
 },
 {
  "Time": 8.029591083526611,
  "Velocity": 3582
 },
 {
  "Time": 8.229958057403564,
  "Velocity": 3900
 },
 {
  "Time": 8.431902170181274,
  "Velocity": 3881
 },
 {
  "Time": 8.632153987884521,
  "Velocity": 3861
 },
 {
  "Time": 8.832740545272827,
  "Velocity": 3582
 },
 {
  "Time": 9.033863544464111,
  "Velocity": 3900
 },
 {
  "Time": 9.234123229980469,
  "Velocity": 3881
 },
 {
  "Time": 9.435455560684204,
  "Velocity": 3582
 },
 {
  "Time": 9.635307788848877,
  "Velocity": 3600
 },
 {
  "Time": 9.836370468139648,
  "Velocity": 3881
 },
 {
  "Time": 10.03664517402649,
  "Velocity": 3881
 },
 {
  "Time": 10.23760461807251,
  "Velocity": 3600
 },
 {
  "Time": 10.438611268997192,
  "Velocity": 3881
 },
 {
  "Time": 10.638643264770508,
  "Velocity": 3582
 },
 {
  "Time": 10.839800834655762,
  "Velocity": 3881
 },
 {
  "Time": 11.039806604385376,
  "Velocity": 3900
 },
 {
  "Time": 11.241185665130615,
  "Velocity": 3582
 },
 {
  "Time": 11.441723823547363,
  "Velocity": 3881
 },
 {
  "Time": 11.64239239692688,
  "Velocity": 3900
 },
 {
  "Time": 11.84313178062439,
  "Velocity": 3582
 },
 {
  "Time": 12.043142318725586,
  "Velocity": 3881
 },
 {
  "Time": 12.244543313980103,
  "Velocity": 3582
 },
 {
  "Time": 12.44517207145691,
  "Velocity": 4200
 },
 {
  "Time": 12.645892143249512,
  "Velocity": 3582
 },
 {
  "Time": 12.84645962715149,
  "Velocity": 3881
 },
 {
  "Time": 13.047064065933228,
  "Velocity": 3600
 },
 {
  "Time": 13.24816346168518,
  "Velocity": 3881
 },
 {
  "Time": 13.448569774627686,
  "Velocity": 3582
 },
 {
  "Time": 13.648861408233643,
  "Velocity": 3900
 },
 {
  "Time": 13.849341869354248,
  "Velocity": 3582
 },
 {
  "Time": 14.05003809928894,
  "Velocity": 3881
 },
 {
  "Time": 14.25102710723877,
  "Velocity": 3881
 },
 {
  "Time": 14.452109098434448,
  "Velocity": 4200
 },
 {
  "Time": 14.652911186218262,
  "Velocity": 3582
 },
 {
  "Time": 14.852903127670288,
  "Velocity": 3881
 },
 {
  "Time": 15.053784847259521,
  "Velocity": 3881
 },
 {
  "Time": 15.254806518554688,
  "Velocity": 3582
 },
 {
  "Time": 15.455410242080688,
  "Velocity": 3881
 },
 {
  "Time": 15.656414031982422,
  "Velocity": 3881
 },
 {
  "Time": 15.857064962387085,
  "Velocity": 3900
 },
 {
  "Time": 16.05718231201172,
  "Velocity": 3582
 },
 {
  "Time": 16.258373737335205,
  "Velocity": 3881
 },
 {
  "Time": 16.458322048187256,
  "Velocity": 3900
 },
 {
  "Time": 16.659528970718384,
  "Velocity": 3881
 },
 {
  "Time": 16.86038851737976,
  "Velocity": 3881
 },
 {
  "Time": 17.060582876205444,
  "Velocity": 3900
 },
 {
  "Time": 17.261531114578247,
  "Velocity": 3881
 },
 {
  "Time": 17.462528467178345,
  "Velocity": 3881
 },
 {
  "Time": 17.662607669830322,
  "Velocity": 3881
 },
 {
  "Time": 17.863637924194336,
  "Velocity": 3600
 },
 {
  "Time": 18.063713788986206,
  "Velocity": 3881
 },
 {
  "Time": 18.264927864074707,
  "Velocity": 3881
 },
 {
  "Time": 18.465962171554565,
  "Velocity": 3600
 },
 {
  "Time": 18.666513919830322,
  "Velocity": 3881
 },
 {
  "Time": 18.86654782295227,
  "Velocity": 3582
 },
 {
  "Time": 19.06756329536438,
  "Velocity": 3900
 },
 {
  "Time": 19.26808190345764,
  "Velocity": 3582
 },
 {
  "Time": 19.46918559074402,
  "Velocity": 3881
 },
 {
  "Time": 19.669072151184082,
  "Velocity": 3582
 },
 {
  "Time": 19.870267391204834,
  "Velocity": 3900
 },
 {
  "Time": 20.07109522819519,
  "Velocity": 3881
 },
 {
  "Time": 20.271397352218628,
  "Velocity": 3881
 },
 {
  "Time": 20.472546815872192,
  "Velocity": 3900
 },
 {
  "Time": 20.67255997657776,
  "Velocity": 3582
 },
 {
  "Time": 20.87354850769043,
  "Velocity": 3881
 },
 {
  "Time": 21.074585676193237,
  "Velocity": 3582
 },
 {
  "Time": 21.274593114852905,
  "Velocity": 3900
 },
 {
  "Time": 21.475544452667236,
  "Velocity": 3861
 },
 {
  "Time": 21.676011323928833,
  "Velocity": 3881
 }
]