[
 {
  "Time": 0.0,
  "Velocity": -1228
 },
 {
  "Time": 0.1994919776916504,
  "Velocity": -896
 },
 {
  "Time": 0.39859437942504883,
  "Velocity": 299
 },
 {
  "Time": 0.600334644317627,
  "Velocity": 1800
 },
 {
  "Time": 0.8013372421264648,
  "Velocity": 2388
 },
 {
  "Time": 1.0019335746765137,
  "Velocity": 2985
 },
 {
  "Time": 1.2028262615203857,
  "Velocity": 3600
 },
 {
  "Time": 1.4032838344573975,
  "Velocity": 3582
 },
 {
  "Time": 1.6040823459625244,
  "Velocity": 3881
 },
 {
  "Time": 1.8041088581085205,
  "Velocity": 3881
 },
 {
  "Time": 2.005399465560913,
  "Velocity": 3900
 },
 {
  "Time": 2.205885648727417,
  "Velocity": 3881
 },
 {
  "Time": 2.40690016746521,
  "Velocity": 4179
 },
 {
  "Time": 2.607123374938965,
  "Velocity": 4200
 },
 {
  "Time": 2.808135986328125,
  "Velocity": 4179
 },
 {
  "Time": 3.0082485675811768,
  "Velocity": 4179
 },
 {
  "Time": 3.2085249423980713,
  "Velocity": 4200
 },
 {
  "Time": 3.4100255966186523,
  "Velocity": 4179
 },
 {
  "Time": 3.6108248233795166,
  "Velocity": 4179
 },
 {
  "Time": 3.8108327388763428,
  "Velocity": 4478
 },
 {
  "Time": 4.011918067932129,
  "Velocity": 4200
 },
 {
  "Time": 4.211881160736084,
  "Velocity": 4179
 },
 {
  "Time": 4.413496971130371,
  "Velocity": 4179
 },
 {
  "Time": 4.613311290740967,
  "Velocity": 4200
 },
 {
  "Time": 4.8141515254974365,
  "Velocity": 4179
 },
 {
  "Time": 5.014652729034424,
  "Velocity": 4179
 },
 {
  "Time": 5.215436220169067,
  "Velocity": 4200
 },
 {
  "Time": 5.416170120239258,
  "Velocity": 4179
 },
 {
  "Time": 5.61698842048645,
  "Velocity": 4179
 },
 {
  "Time": 5.817931652069092,
  "Velocity": 4179
 },
 {
  "Time": 6.017943859100342,
  "Velocity": 4200
 },
 {
  "Time": 6.219089031219482,
  "Velocity": 4179
 },
 {
  "Time": 6.419518232345581,
  "Velocity": 4179
 },
 {
  "Time": 6.619547367095947,
  "Velocity": 4200
 },
 {
  "Time": 6.820950508117676,
  "Velocity": 4179
 },
 {
  "Time": 7.021497488021851,
  "Velocity": 4179
 },
 {
  "Time": 7.222199440002441,
  "Velocity": 4179
 },
 {
  "Time": 7.4224488735198975,
  "Velocity": 4200
 },
 {
  "Time": 7.623617649078369,
  "Velocity": 4478
 },
 {
  "Time": 7.823815584182739,
  "Velocity": 4179
 },
 {
  "Time": 8.024569749832153,
  "Velocity": 4200
 },
 {
  "Time": 8.225075960159302,
  "Velocity": 4179
 },
 {
  "Time": 8.425470113754272,
  "Velocity": 4179
 },
 {
  "Time": 8.62750768661499,
  "Velocity": 4200
 },
 {
  "Time": 8.828336954116821,
  "Velocity": 4179
 },
 {
  "Time": 9.028341054916382,
  "Velocity": 4179
 },
 {
  "Time": 9.22960901260376,
  "Velocity": 4179
 },
 {
  "Time": 9.430628538131714,
  "Velocity": 4200
 },
 {
  "Time": 9.630635499954224,
  "Velocity": 4179
 },
 {
  "Time": 9.831422805786133,
  "Velocity": 4179
 },
 {
  "Time": 10.032069206237793,
  "Velocity": 4200
 },
 {
  "Time": 10.233025550842285,
  "Velocity": 4179
 },
 {
  "Time": 10.433686017990112,
  "Velocity": 4179
 },
 {
  "Time": 10.634084701538086,
  "Velocity": 4200
 },
 {
  "Time": 10.834943532943726,
  "Velocity": 4478
 },
 {
  "Time": 11.035812139511108,
  "Velocity": 4179
 },
 {
  "Time": 11.23665452003479,
  "Velocity": 4179
 },
 {
  "Time": 11.437537431716919,
  "Velocity": 4200
 },
 {
  "Time": 11.637842655181885,
  "Velocity": 4179
 },
 {
  "Time": 11.838594913482666,
  "Velocity": 4179
 },
 {
  "Time": 12.038853168487549,
  "Velocity": 4200
 },
 {
  "Time": 12.240036964416504,
  "Velocity": 4179
 },
 {
  "Time": 12.440311431884766,
  "Velocity": 4179
 },
 {
  "Time": 12.64149284362793,
  "Velocity": 4179
 },
 {
  "Time": 12.842179536819458,
  "Velocity": 4200
 },
 {
  "Time": 13.042184114456177,
  "Velocity": 4179
 },
 {
  "Time": 13.243425846099854,
  "Velocity": 4179
 },
 {
  "Time": 13.444013833999634,
  "Velocity": 4200
 },
 {
  "Time": 13.644641160964966,
  "Velocity": 4179
 },
 {
  "Time": 13.845520257949829,
  "Velocity": 4179
 },
 {
  "Time": 14.045896768569946,
  "Velocity": 4200
 },
 {
  "Time": 14.246211290359497,
  "Velocity": 4179
 },
 {
  "Time": 14.447214841842651,
  "Velocity": 4179
 },
 {
  "Time": 14.64814805984497,
  "Velocity": 4179
 },
 {
  "Time": 14.848820209503174,
  "Velocity": 4200
 },
 {
  "Time": 15.048720836639404,
  "Velocity": 4158
 },
 {
  "Time": 15.249999284744263,
  "Velocity": 4179
 },
 {
  "Time": 15.450498580932617,
  "Velocity": 4200
 },
 {
  "Time": 15.65149211883545,
  "Velocity": 4179
 },
 {
  "Time": 15.852477788925171,
  "Velocity": 4179
 },
 {
  "Time": 16.053138732910156,
  "Velocity": 4179
 },
 {
  "Time": 16.2538321018219,
  "Velocity": 3900
 },
 {
  "Time": 16.453750371932983,
  "Velocity": 4179
 },
 {
  "Time": 16.654085874557495,
  "Velocity": 4179
 },
 {
  "Time": 16.854870796203613,
  "Velocity": 4200
 },
 {
  "Time": 17.055875062942505,
  "Velocity": 4179
 },
 {
  "Time": 17.25597047805786,
  "Velocity": 4179
 },
 {
  "Time": 17.45695161819458,
  "Velocity": 4200
 },
 {
  "Time": 17.65760087966919,
  "Velocity": 4179
 },
 {
  "Time": 17.858638286590576,
  "Velocity": 4179
 },
 {
  "Time": 18.059478759765625,
  "Velocity": 4179
 },
 {
  "Time": 18.259480237960815,
  "Velocity": 4200
 },
 {
  "Time": 18.460370540618896,
  "Velocity": 4179
 },
 {
  "Time": 18.661518096923828,
  "Velocity": 4179
 },
 {
  "Time": 18.86170983314514,
  "Velocity": 4200
 },
 {
  "Time": 19.0627121925354,
  "Velocity": 4478
 },
 {
  "Time": 19.263716220855713,
  "Velocity": 4179
 },
 {
  "Time": 19.463939428329468,
  "Velocity": 4200
 },
 {
  "Time": 19.6642005443573,
  "Velocity": 4179
 },
 {
  "Time": 19.865079879760742,
  "Velocity": 4179
 },
 {
  "Time": 20.065916538238525,
  "Velocity": 4179
 },
 {
  "Time": 20.26705527305603,
  "Velocity": 4500
 },
 {
  "Time": 20.467873334884644,
  "Velocity": 4179
 },
 {
  "Time": 20.667887926101685,
  "Velocity": 4179
 },
 {
  "Time": 20.868680238723755,
  "Velocity": 4200
 },
 {
  "Time": 21.069171905517578,
  "Velocity": 4179
 },
 {
  "Time": 21.269882678985596,
  "Velocity": 4478
 },
 {
  "Time": 21.47149634361267,
  "Velocity": 4179
 },
 {
  "Time": 21.672043800354004,
  "Velocity": 4179
 },
 {
  "Time": 21.871794939041138,
  "Velocity": 4179
 }
]