[
 {
  "Time": 0.0,
  "Velocity": 1358
 },
 {
  "Time": 0.20073699951171875,
  "Velocity": 1493
 },
 {
  "Time": 0.3997337818145752,
  "Velocity": 900
 },
 {
  "Time": 0.6020326614379883,
  "Velocity": 2090
 },
 {
  "Time": 0.8024835586547852,
  "Velocity": 3284
 },
 {
  "Time": 1.0030031204223633,
  "Velocity": 3600
 },
 {
  "Time": 1.2041137218475342,
  "Velocity": 3881
 },
 {
  "Time": 1.4041924476623535,
  "Velocity": 4179
 },
 {
  "Time": 1.6052024364471436,
  "Velocity": 4478
 },
 {
  "Time": 1.8062255382537842,
  "Velocity": 4500
 },
 {
  "Time": 2.0063846111297607,
  "Velocity": 4478
 },
 {
  "Time": 2.2073915004730225,
  "Velocity": 4478
 },
 {
  "Time": 2.4083948135375977,
  "Velocity": 4800
 },
 {
  "Time": 2.6078617572784424,
  "Velocity": 4776
 },
 {
  "Time": 2.80855393409729,
  "Velocity": 4478
 },
 {
  "Time": 3.0094852447509766,
  "Velocity": 4800
 },
 {
  "Time": 3.2104952335357666,
  "Velocity": 4478
 },
 {
  "Time": 3.410733938217163,
  "Velocity": 4776
 },
 {
  "Time": 3.611585855484009,
  "Velocity": 4478
 },
 {
  "Time": 3.811992883682251,
  "Velocity": 4800
 },
 {
  "Time": 4.013070821762085,
  "Velocity": 4776
 },
 {
  "Time": 4.213159084320068,
  "Velocity": 4776
 },
 {
  "Time": 4.414401531219482,
  "Velocity": 4800
 },
 {
  "Time": 4.614398241043091,
  "Velocity": 4776
 },
 {
  "Time": 4.8154051303863525,
  "Velocity": 4776
 },
 {
  "Time": 5.016449213027954,
  "Velocity": 4776
 },
 {
  "Time": 5.217083692550659,
  "Velocity": 4800
 },
 {
  "Time": 5.417826890945435,
  "Velocity": 4776
 },
 {
  "Time": 5.61813497543335,
  "Velocity": 4478
 },
 {
  "Time": 5.818949222564697,
  "Velocity": 4800
 },
 {
  "Time": 6.018670082092285,
  "Velocity": 4776
 },
 {
  "Time": 6.2195000648498535,
  "Velocity": 4776
 },
 {
  "Time": 6.420402526855469,
  "Velocity": 4800
 },
 {
  "Time": 6.6214282512664795,
  "Velocity": 4478
 },
 {
  "Time": 6.821743011474609,
  "Velocity": 4776
 },
 {
  "Time": 7.022634744644165,
  "Velocity": 5075
 },
 {
  "Time": 7.222676992416382,
  "Velocity": 4800
 },
 {
  "Time": 7.423822402954102,
  "Velocity": 4478
 },
 {
  "Time": 7.624954700469971,
  "Velocity": 4776
 },
 {
  "Time": 7.825465679168701,
  "Velocity": 4800
 },
 {
  "Time": 8.025471210479736,
  "Velocity": 4776
 },
 {
  "Time": 8.226653575897217,
  "Velocity": 4478
 },
 {
  "Time": 8.427613019943237,
  "Velocity": 4800
 },
 {
  "Time": 8.628782272338867,
  "Velocity": 4776
 },
 {
  "Time": 8.829342365264893,
  "Velocity": 4776
 },
 {
  "Time": 9.030293941497803,
  "Velocity": 4478
 },
 {
  "Time": 9.230940103530884,
  "Velocity": 4800
 },
 {
  "Time": 9.430943250656128,
  "Velocity": 4776
 },
 {
  "Time": 9.631646156311035,
  "Velocity": 4776
 },
 {
  "Time": 9.83280348777771,
  "Velocity": 4500
 },
 {
  "Time": 10.03350043296814,
  "Velocity": 4776
 },
 {
  "Time": 10.234284162521362,
  "Velocity": 4776
 },
 {
  "Time": 10.434960842132568,
  "Velocity": 4776
 },
 {
  "Time": 10.635470151901245,
  "Velocity": 4800
 },
 {
  "Time": 10.836422204971313,
  "Velocity": 4478
 },
 {
  "Time": 11.03694486618042,
  "Velocity": 4776
 },
 {
  "Time": 11.237752199172974,
  "Velocity": 5100
 },
 {
  "Time": 11.43769884109497,
  "Velocity": 4776
 },
 {
  "Time": 11.639265537261963,
  "Velocity": 4776
 },
 {
  "Time": 11.8395516872406,
  "Velocity": 4800
 },
 {
  "Time": 12.040387868881226,
  "Velocity": 5075
 },
 {
  "Time": 12.240756273269653,
  "Velocity": 4776
 },
 {
  "Time": 12.441757202148438,
  "Velocity": 4478
 },
 {
  "Time": 12.6420578956604,
  "Velocity": 4800
 },
 {
  "Time": 12.84341812133789,
  "Velocity": 5075
 },
 {
  "Time": 13.043835401535034,
  "Velocity": 4776
 },
 {
  "Time": 13.244609355926514,
  "Velocity": 4500
 },
 {
  "Time": 13.445617198944092,
  "Velocity": 4776
 },
 {
  "Time": 13.645618915557861,
  "Velocity": 4776
 },
 {
  "Time": 13.84672498703003,
  "Velocity": 4752
 },
 {
  "Time": 14.047293424606323,
  "Velocity": 4500
 },
 {
  "Time": 14.247538566589355,
  "Velocity": 4776
 },
 {
  "Time": 14.448123216629028,
  "Velocity": 5075
 },
 {
  "Time": 14.649624109268188,
  "Velocity": 4800
 },
 {
  "Time": 14.850292682647705,
  "Velocity": 4478
 },
 {
  "Time": 15.050956726074219,
  "Velocity": 4776
 },
 {
  "Time": 15.251379013061523,
  "Velocity": 4800
 },
 {
  "Time": 15.45213007926941,
  "Velocity": 4776
 },
 {
  "Time": 15.653098821640015,
  "Velocity": 4776
 },
 {
  "Time": 15.853021621704102,
  "Velocity": 4478
 },
 {
  "Time": 16.05436611175537,
  "Velocity": 4800
 },
 {
  "Time": 16.255049467086792,
  "Velocity": 4776
 },
 {
  "Time": 16.454943656921387,
  "Velocity": 4776
 },
 {
  "Time": 16.65588116645813,
  "Velocity": 4500
 },
 {
  "Time": 16.85673952102661,
  "Velocity": 4776
 },
 {
  "Time": 17.057124853134155,
  "Velocity": 5075
 },
 {
  "Time": 17.25796151161194,
  "Velocity": 4800
 },
 {
  "Time": 17.459158182144165,
  "Velocity": 4478
 },
 {
  "Time": 17.659181356430054,
  "Velocity": 4776
 },
 {
  "Time": 17.860573053359985,
  "Velocity": 5075
 },
 {
  "Time": 18.060789823532104,
  "Velocity": 4800
 },
 {
  "Time": 18.26127862930298,
  "Velocity": 4478
 },
 {
  "Time": 18.462178707122803,
  "Velocity": 4776
 },
 {
  "Time": 18.663229942321777,
  "Velocity": 4800
 },
 {
  "Time": 18.863110542297363,
  "Velocity": 4776
 },
 {
  "Time": 19.064202070236206,
  "Velocity": 4478
 },
 {
  "Time": 19.264729499816895,
  "Velocity": 4776
 },
 {
  "Time": 19.465984344482422,
  "Velocity": 4800
 },
 {
  "Time": 19.665778636932373,
  "Velocity": 4776
 },
 {
  "Time": 19.867270946502686,
  "Velocity": 4776
 },
 {
  "Time": 20.067864656448364,
  "Velocity": 4776
 },
 {
  "Time": 20.268137216567993,
  "Velocity": 4776
 },
 {
  "Time": 20.469221830368042,
  "Velocity": 4776
 },
 {
  "Time": 20.669463634490967,
  "Velocity": 4800
 },
 {
  "Time": 20.87074851989746,
  "Velocity": 4478
 },
 {
  "Time": 21.070318698883057,
  "Velocity": 4776
 },
 {
  "Time": 21.271514415740967,
  "Velocity": 4776
 },
 {
  "Time": 21.47189235687256,
  "Velocity": 4800
 },
 {
  "Time": 21.672828197479248,
  "Velocity": 4478
 }
]