[
 {
  "Time": 0.0,
  "Velocity": 0
 },
 {
  "Time": 0.19999432563781738,
  "Velocity": 0
 },
 {
  "Time": 0.40400004386901855,
  "Velocity": 1800
 },
 {
  "Time": 0.6041855812072754,
  "Velocity": 3284
 },
 {
  "Time": 0.8052000999450684,
  "Velocity": 4200
 },
 {
  "Time": 1.0059809684753418,
  "Velocity": 4752
 },
 {
  "Time": 1.2066049575805664,
  "Velocity": 5075
 },
 {
  "Time": 1.4075345993041992,
  "Velocity": 5075
 },
 {
  "Time": 1.6075401306152344,
  "Velocity": 5100
 },
 {
  "Time": 1.8086211681365967,
  "Velocity": 5075
 },
 {
  "Time": 2.009260416030884,
  "Velocity": 5373
 },
 {
  "Time": 2.2094714641571045,
  "Velocity": 5100
 },
 {
  "Time": 2.4104087352752686,
  "Velocity": 5373
 },
 {
  "Time": 2.6114156246185303,
  "Velocity": 5373
 },
 {
  "Time": 2.811728000640869,
  "Velocity": 5373
 },
 {
  "Time": 3.0127739906311035,
  "Velocity": 5100
 },
 {
  "Time": 3.2130932807922363,
  "Velocity": 5075
 },
 {
  "Time": 3.4140985012054443,
  "Velocity": 5373
 },
 {
  "Time": 3.614110231399536,
  "Velocity": 5100
 },
 {
  "Time": 3.8144025802612305,
  "Velocity": 5075
 },
 {
  "Time": 4.015888929367065,
  "Velocity": 5373
 },
 {
  "Time": 4.216183662414551,
  "Velocity": 5126
 },
 {
  "Time": 4.417189121246338,
  "Velocity": 5373
 },
 {
  "Time": 4.617192029953003,
  "Velocity": 5373
 },
 {
  "Time": 4.8180015087127686,
  "Velocity": 5075
 },
 {
  "Time": 5.01871657371521,
  "Velocity": 5100
 },
 {
  "Time": 5.2191948890686035,
  "Velocity": 5075
 },
 {
  "Time": 5.420262575149536,
  "Velocity": 5075
 },
 {
  "Time": 5.620967149734497,
  "Velocity": 5400
 },
 {
  "Time": 5.820913791656494,
  "Velocity": 5373
 },
 {
  "Time": 6.02209734916687,
  "Velocity": 5347
 },
 {
  "Time": 6.2227911949157715,
  "Velocity": 5400
 },
 {
  "Time": 6.42321252822876,
  "Velocity": 5075
 },
 {
  "Time": 6.623526573181152,
  "Velocity": 5400
 },
 {
  "Time": 6.8244946002960205,
  "Velocity": 5050
 },
 {
  "Time": 7.025652885437012,
  "Velocity": 5100
 },
 {
  "Time": 7.22581934928894,
  "Velocity": 5373
 },
 {
  "Time": 7.427195072174072,
  "Velocity": 5075
 },
 {
  "Time": 7.627021789550781,
  "Velocity": 5100
 },
 {
  "Time": 7.828055143356323,
  "Velocity": 5373
 },
 {
  "Time": 8.027979612350464,
  "Velocity": 5373
 },
 {
  "Time": 8.229193925857544,
  "Velocity": 5075
 },
 {
  "Time": 8.430190086364746,
  "Velocity": 5400
 },
 {
  "Time": 8.63126826286316,
  "Velocity": 5373
 },
 {
  "Time": 8.831722021102905,
  "Velocity": 5373
 },
 {
  "Time": 9.032730102539062,
  "Velocity": 5100
 },
 {
  "Time": 9.233732223510742,
  "Velocity": 5373
 },
 {
  "Time": 9.434194564819336,
  "Velocity": 5075
 },
 {
  "Time": 9.634718418121338,
  "Velocity": 5100
 },
 {
  "Time": 9.836058616638184,
  "Velocity": 5075
 },
 {
  "Time": 10.03647518157959,
  "Velocity": 5075
 },
 {
  "Time": 10.236506462097168,
  "Velocity": 5373
 },
 {
  "Time": 10.437403917312622,
  "Velocity": 5100
 },
 {
  "Time": 10.638438701629639,
  "Velocity": 5075
 },
 {
  "Time": 10.839148044586182,
  "Velocity": 5373
 },
 {
  "Time": 11.039628028869629,
  "Velocity": 5400
 },
 {
  "Time": 11.240342140197754,
  "Velocity": 5075
 },
 {
  "Time": 11.440897941589355,
  "Velocity": 5373
 },
 {
  "Time": 11.641828775405884,
  "Velocity": 5100
 },
 {
  "Time": 11.84255051612854,
  "Velocity": 5373
 },
 {
  "Time": 12.042728424072266,
  "Velocity": 5075
 },
 {
  "Time": 12.2436842918396,
  "Velocity": 5075
 },
 {
  "Time": 12.444508075714111,
  "Velocity": 5400
 },
 {
  "Time": 12.645246982574463,
  "Velocity": 5075
 },
 {
  "Time": 12.846347332000732,
  "Velocity": 5075
 },
 {
  "Time": 13.046130657196045,
  "Velocity": 5100
 },
 {
  "Time": 13.247026205062866,
  "Velocity": 5373
 },
 {
  "Time": 13.448035717010498,
  "Velocity": 5373
 },
 {
  "Time": 13.648616313934326,
  "Velocity": 5373
 },
 {
  "Time": 13.849184036254883,
  "Velocity": 5400
 },
 {
  "Time": 14.050029993057251,
  "Velocity": 5075
 },
 {
  "Time": 14.251037120819092,
  "Velocity": 5075
 },
 {
  "Time": 14.451005458831787,
  "Velocity": 5100
 },
 {
  "Time": 14.651731014251709,
  "Velocity": 5373
 },
 {
  "Time": 14.8524010181427,
  "Velocity": 5075
 },
 {
  "Time": 15.053118705749512,
  "Velocity": 5373
 },
 {
  "Time": 15.254134893417358,
  "Velocity": 5075
 },
 {
  "Time": 15.45499062538147,
  "Velocity": 5075
 },
 {
  "Time": 15.65584397315979,
  "Velocity": 5373
 },
 {
  "Time": 15.856068134307861,
  "Velocity": 5400
 },
 {
  "Time": 16.056627988815308,
  "Velocity": 5075
 },
 {
  "Time": 16.258212327957153,
  "Velocity": 5075
 },
 {
  "Time": 16.457828998565674,
  "Velocity": 5400
 },
 {
  "Time": 16.658676862716675,
  "Velocity": 5373
 },
 {
  "Time": 16.86003041267395,
  "Velocity": 5373
 },
 {
  "Time": 17.059868097305298,
  "Velocity": 5075
 },
 {
  "Time": 17.260071516036987,
  "Velocity": 5100
 },
 {
  "Time": 17.46137547492981,
  "Velocity": 5373
 },
 {
  "Time": 17.662304639816284,
  "Velocity": 5373
 },
 {
  "Time": 17.86238145828247,
  "Velocity": 5100
 },
 {
  "Time": 18.062971353530884,
  "Velocity": 5075
 },
 {
  "Time": 18.26398491859436,
  "Velocity": 5373
 },
 {
  "Time": 18.464207887649536,
  "Velocity": 5100
 },
 {
  "Time": 18.6652569770813,
  "Velocity": 5373
 },
 {
  "Time": 18.866255044937134,
  "Velocity": 5373
 },
 {
  "Time": 19.067244052886963,
  "Velocity": 5075
 },
 {
  "Time": 19.2672176361084,
  "Velocity": 5100
 },
 {
  "Time": 19.467742204666138,
  "Velocity": 5075
 },
 {
  "Time": 19.668347358703613,
  "Velocity": 5373
 },
 {
  "Time": 19.868984699249268,
  "Velocity": 5100
 },
 {
  "Time": 20.069705486297607,
  "Velocity": 5075
 },
 {
  "Time": 20.270709991455078,
  "Velocity": 5075
 },
 {
  "Time": 20.47189235687256,
  "Velocity": 5100
 },
 {
  "Time": 20.672393321990967,
  "Velocity": 5075
 },
 {
  "Time": 20.87253189086914,
  "Velocity": 5075
 },
 {
  "Time": 21.07349395751953,
  "Velocity": 5075
 },
 {
  "Time": 21.274497270584106,
  "Velocity": 5100
 },
 {
  "Time": 21.474560737609863,
  "Velocity": 5050
 },
 {
  "Time": 21.675573348999023,
  "Velocity": 5075
 },
 {
  "Time": 21.876656770706177,
  "Velocity": 5100
 },
 {
  "Time": 22.07679057121277,
  "Velocity": 5075
 }
]