[
 {
  "Time": 0.0,
  "Velocity": -1074
 },
 {
  "Time": 0.2006845474243164,
  "Velocity": -1194
 },
 {
  "Time": 0.4000239372253418,
  "Velocity": 2090
 },
 {
  "Time": 0.6005394458770752,
  "Velocity": 3600
 },
 {
  "Time": 0.8005287647247314,
  "Velocity": 4478
 },
 {
  "Time": 1.0018746852874756,
  "Velocity": 5075
 },
 {
  "Time": 1.2019927501678467,
  "Velocity": 5400
 },
 {
  "Time": 1.4029953479766846,
  "Velocity": 5373
 },
 {
  "Time": 1.6039657592773438,
  "Velocity": 5672
 },
 {
  "Time": 1.804821252822876,
  "Velocity": 5672
 },
 {
  "Time": 2.005275011062622,
  "Velocity": 5700
 },
 {
  "Time": 2.205681562423706,
  "Velocity": 5672
 },
 {
  "Time": 2.4066858291625977,
  "Velocity": 5672
 },
 {
  "Time": 2.6071617603302,
  "Velocity": 5700
 },
 {
  "Time": 2.808154344558716,
  "Velocity": 5672
 },
 {
  "Time": 3.008155107498169,
  "Velocity": 5672
 },
 {
  "Time": 3.2086946964263916,
  "Velocity": 5700
 },
 {
  "Time": 3.4098243713378906,
  "Velocity": 5672
 },
 {
  "Time": 3.609820604324341,
  "Velocity": 5672
 },
 {
  "Time": 3.8110713958740234,
  "Velocity": 5672
 },
 {
  "Time": 4.011070728302002,
  "Velocity": 5700
 },
 {
  "Time": 4.2122321128845215,
  "Velocity": 5672
 },
 {
  "Time": 4.412823915481567,
  "Velocity": 5672
 },
 {
  "Time": 4.613836050033569,
  "Velocity": 5700
 },
 {
  "Time": 4.814759731292725,
  "Velocity": 5672
 },
 {
  "Time": 5.014551639556885,
  "Velocity": 5672
 },
 {
  "Time": 5.21520471572876,
  "Velocity": 5700
 },
 {
  "Time": 5.4162514209747314,
  "Velocity": 5672
 },
 {
  "Time": 5.616178035736084,
  "Velocity": 5672
 },
 {
  "Time": 5.817068338394165,
  "Velocity": 5672
 },
 {
  "Time": 6.0180747509002686,
  "Velocity": 5700
 },
 {
  "Time": 6.218238115310669,
  "Velocity": 5672
 },
 {
  "Time": 6.419310569763184,
  "Velocity": 5672
 },
 {
  "Time": 6.619785785675049,
  "Velocity": 5700
 },
 {
  "Time": 6.8205084800720215,
  "Velocity": 5373
 },
 {
  "Time": 7.021875381469727,
  "Velocity": 5672
 },
 {
  "Time": 7.222351789474487,
  "Velocity": 5373
 },
 {
  "Time": 7.422906398773193,
  "Velocity": 5400
 },
 {
  "Time": 7.6239354610443115,
  "Velocity": 5672
 },
 {
  "Time": 7.823964834213257,
  "Velocity": 5672
 },
 {
  "Time": 8.024618864059448,
  "Velocity": 5700
 },
 {
  "Time": 8.22540283203125,
  "Velocity": 5373
 },
 {
  "Time": 8.425842046737671,
  "Velocity": 5672
 },
 {
  "Time": 8.627856492996216,
  "Velocity": 5400
 },
 {
  "Time": 8.82804012298584,
  "Velocity": 5672
 },
 {
  "Time": 9.028530597686768,
  "Velocity": 5672
 },
 {
  "Time": 9.229646444320679,
  "Velocity": 5373
 },
 {
  "Time": 9.430230379104614,
  "Velocity": 5400
 },
 {
  "Time": 9.631385564804077,
  "Velocity": 5672
 },
 {
  "Time": 9.831296920776367,
  "Velocity": 5672
 },
 {
  "Time": 10.032292604446411,
  "Velocity": 5700
 },
 {
  "Time": 10.23321795463562,
  "Velocity": 5672
 },
 {
  "Time": 10.434170484542847,
  "Velocity": 5672
 },
 {
  "Time": 10.633846998214722,
  "Velocity": 5644
 },
 {
  "Time": 10.835251808166504,
  "Velocity": 5700
 },
 {
  "Time": 11.035243272781372,
  "Velocity": 5672
 },
 {
  "Time": 11.236390113830566,
  "Velocity": 5672
 },
 {
  "Time": 11.437429189682007,
  "Velocity": 5700
 },
 {
  "Time": 11.6376314163208,
  "Velocity": 5672
 },
 {
  "Time": 11.83863353729248,
  "Velocity": 5672
 },
 {
  "Time": 12.038780212402344,
  "Velocity": 5400
 },
 {
  "Time": 12.239829540252686,
  "Velocity": 5672
 },
 {
  "Time": 12.440498113632202,
  "Velocity": 5672
 },
 {
  "Time": 12.641415119171143,
  "Velocity": 5373
 },
 {
  "Time": 12.842297077178955,
  "Velocity": 5400
 },
 {
  "Time": 13.042466878890991,
  "Velocity": 5373
 },
 {
  "Time": 13.24373483657837,
  "Velocity": 5672
 },
 {
  "Time": 13.443519830703735,
  "Velocity": 5700
 },
 {
  "Time": 13.644586086273193,
  "Velocity": 5672
 },
 {
  "Time": 13.845335960388184,
  "Velocity": 5672
 },
 {
  "Time": 14.046329021453857,
  "Velocity": 5700
 },
 {
  "Time": 14.24622893333435,
  "Velocity": 5672
 },
 {
  "Time": 14.447096109390259,
  "Velocity": 5672
 },
 {
  "Time": 14.647584676742554,
  "Velocity": 5672
 },
 {
  "Time": 14.848248481750488,
  "Velocity": 5400
 },
 {
  "Time": 15.049322128295898,
  "Velocity": 5672
 },
 {
  "Time": 15.25040602684021,
  "Velocity": 5672
 },
 {
  "Time": 15.450768232345581,
  "Velocity": 5700
 },
 {
  "Time": 15.65177583694458,
  "Velocity": 5672
 },
 {
  "Time": 15.85158395767212,
  "Velocity": 5672
 },
 {
  "Time": 16.05255913734436,
  "Velocity": 5672
 },
 {
  "Time": 16.25359320640564,
  "Velocity": 5700
 },
 {
  "Time": 16.454222440719604,
  "Velocity": 5672
 },
 {
  "Time": 16.65477418899536,
  "Velocity": 5644
 },
 {
  "Time": 16.855445623397827,
  "Velocity": 5700
 },
 {
  "Time": 17.056289196014404,
  "Velocity": 5373
 },
 {
  "Time": 17.25697946548462,
  "Velocity": 5373
 },
 {
  "Time": 17.45748233795166,
  "Velocity": 5700
 },
 {
  "Time": 17.65817928314209,
  "Velocity": 5672
 },
 {
  "Time": 17.85915207862854,
  "Velocity": 5672
 },
 {
  "Time": 18.059675931930542,
  "Velocity": 5672
 },
 {
  "Time": 18.260473012924194,
  "Velocity": 5400
 },
 {
  "Time": 18.460912704467773,
  "Velocity": 5672
 },
 {
  "Time": 18.662037134170532,
  "Velocity": 5672
 },
 {
  "Time": 18.86209797859192,
  "Velocity": 5700
 },
 {
  "Time": 19.06262516975403,
  "Velocity": 5672
 },
 {
  "Time": 19.263718128204346,
  "Velocity": 5672
 },
 {
  "Time": 19.46394443511963,
  "Velocity": 5373
 },
 {
  "Time": 19.664952754974365,
  "Velocity": 5700
 },
 {
  "Time": 19.865297555923462,
  "Velocity": 5672
 },
 {
  "Time": 20.066447257995605,
  "Velocity": 5672
 },
 {
  "Time": 20.26731538772583,
  "Velocity": 5700
 },
 {
  "Time": 20.467920303344727,
  "Velocity": 5672
 },
 {
  "Time": 20.668006420135498,
  "Velocity": 5672
 },
 {
  "Time": 20.86885142326355,
  "Velocity": 5700
 },
 {
  "Time": 21.069462537765503,
  "Velocity": 5672
 },
 {
  "Time": 21.27046036720276,
  "Velocity": 5672
 },
 {
  "Time": 21.471242904663086,
  "Velocity": 5672
 },
 {
  "Time": 21.67185139656067,
  "Velocity": 5700
 },
 {
  "Time": 21.872855186462402,
  "Velocity": 5672
 }
]