[
 {
  "Time": 0.0,
  "Velocity": -935
 },
 {
  "Time": 0.1999201774597168,
  "Velocity": -896
 },
 {
  "Time": 0.3979630470275879,
  "Velocity": 0
 },
 {
  "Time": 0.5979900360107422,
  "Velocity": 0
 },
 {
  "Time": 0.8009848594665527,
  "Velocity": 600
 },
 {
  "Time": 1.001333236694336,
  "Velocity": 597
 },
 {
  "Time": 1.2019503116607666,
  "Velocity": 600
 },
 {
  "Time": 1.4018738269805908,
  "Velocity": 896
 },
 {
  "Time": 1.603139877319336,
  "Velocity": 597
 },
 {
  "Time": 1.8031296730041504,
  "Velocity": 300
 },
 {
  "Time": 2.0036325454711914,
  "Velocity": 896
 },
 {
  "Time": 2.204826593399048,
  "Velocity": 896
 },
 {
  "Time": 2.4053146839141846,
  "Velocity": 597
 },
 {
  "Time": 2.6056807041168213,
  "Velocity": 900
 },
 {
  "Time": 2.8063037395477295,
  "Velocity": 896
 },
 {
  "Time": 3.0066871643066406,
  "Velocity": 896
 },
 {
  "Time": 3.207282543182373,
  "Velocity": 900
 },
 {
  "Time": 3.408294677734375,
  "Velocity": 896
 },
 {
  "Time": 3.608347177505493,
  "Velocity": 896
 },
 {
  "Time": 3.809319496154785,
  "Velocity": 900
 },
 {
  "Time": 4.009676694869995,
  "Velocity": 896
 },
 {
  "Time": 4.209986448287964,
  "Velocity": 896
 },
 {
  "Time": 4.411161661148071,
  "Velocity": 896
 },
 {
  "Time": 4.611769437789917,
  "Velocity": 900
 },
 {
  "Time": 4.812769651412964,
  "Velocity": 900
 },
 {
  "Time": 5.012773513793945,
  "Velocity": 896
 },
 {
  "Time": 5.213607311248779,
  "Velocity": 900
 },
 {
  "Time": 5.415608167648315,
  "Velocity": 1194
 },
 {
  "Time": 5.615422248840332,
  "Velocity": 896
 },
 {
  "Time": 5.815321207046509,
  "Velocity": 600
 },
 {
  "Time": 6.016241073608398,
  "Velocity": 896
 },
 {
  "Time": 6.217645645141602,
  "Velocity": 1194
 },
 {
  "Time": 6.417617559432983,
  "Velocity": 896
 },
 {
  "Time": 6.618700265884399,
  "Velocity": 1200
 },
 {
  "Time": 6.818469047546387,
  "Velocity": 896
 },
 {
  "Time": 7.019472122192383,
  "Velocity": 1194
 },
 {
  "Time": 7.220847129821777,
  "Velocity": 1200
 },
 {
  "Time": 7.420670747756958,
  "Velocity": 597
 },
 {
  "Time": 7.621764421463013,
  "Velocity": 1194
 },
 {
  "Time": 7.822343826293945,
  "Velocity": 1194
 },
 {
  "Time": 8.02310299873352,
  "Velocity": 1200
 },
 {
  "Time": 8.224290370941162,
  "Velocity": 1194
 },
 {
  "Time": 8.423941373825073,
  "Velocity": 1194
 },
 {
  "Time": 8.62546443939209,
  "Velocity": 1200
 },
 {
  "Time": 8.825441837310791,
  "Velocity": 896
 },
 {
  "Time": 9.025966167449951,
  "Velocity": 896
 },
 {
  "Time": 9.226699829101562,
  "Velocity": 600
 },
 {
  "Time": 9.42786693572998,
  "Velocity": 896
 },
 {
  "Time": 9.62945032119751,
  "Velocity": 1194
 },
 {
  "Time": 9.82966423034668,
  "Velocity": 1194
 },
 {
  "Time": 10.03086519241333,
  "Velocity": 1200
 },
 {
  "Time": 10.23025918006897,
  "Velocity": 896
 },
 {
  "Time": 10.431262493133545,
  "Velocity": 896
 },
 {
  "Time": 10.631311178207397,
  "Velocity": 900
 },
 {
  "Time": 10.832452774047852,
  "Velocity": 597
 },
 {
  "Time": 11.032381534576416,
  "Velocity": 896
 },
 {
  "Time": 11.23347282409668,
  "Velocity": 900
 },
 {
  "Time": 11.434396505355835,
  "Velocity": 896
 },
 {
  "Time": 11.634446144104004,
  "Velocity": 896
 },
 {
  "Time": 11.836443901062012,
  "Velocity": 1194
 },
 {
  "Time": 12.036444902420044,
  "Velocity": 900
 },
 {
  "Time": 12.237800359725952,
  "Velocity": 1194
 },
 {
  "Time": 12.437753438949585,
  "Velocity": 896
 },
 {
  "Time": 12.638042211532593,
  "Velocity": 900
 },
 {
  "Time": 12.83866810798645,
  "Velocity": 896
 },
 {
  "Time": 13.039659023284912,
  "Velocity": 896
 },
 {
  "Time": 13.240041017532349,
  "Velocity": 896
 },
 {
  "Time": 13.44038200378418,
  "Velocity": 900
 },
 {
  "Time": 13.64130687713623,
  "Velocity": 896
 },
 {
  "Time": 13.841739654541016,
  "Velocity": 896
 },
 {
  "Time": 14.0427827835083,
  "Velocity": 900
 },
 {
  "Time": 14.243501424789429,
  "Velocity": 896
 },
 {
  "Time": 14.444726705551147,
  "Velocity": 1194
 },
 {
  "Time": 14.644782066345215,
  "Velocity": 600
 },
 {
  "Time": 14.84665060043335,
  "Velocity": 1194
 },
 {
  "Time": 15.045637607574463,
  "Velocity": 896
 },
 {
  "Time": 15.246741533279419,
  "Velocity": 896
 },
 {
  "Time": 15.446726083755493,
  "Velocity": 900
 },
 {
  "Time": 15.647752046585083,
  "Velocity": 896
 },
 {
  "Time": 15.848442554473877,
  "Velocity": 896
 },
 {
  "Time": 16.049246072769165,
  "Velocity": 900
 },
 {
  "Time": 16.249542474746704,
  "Velocity": 896
 },
 {
  "Time": 16.45118284225464,
  "Velocity": 1194
 },
 {
  "Time": 16.65084218978882,
  "Velocity": 900
 },
 {
  "Time": 16.852184057235718,
  "Velocity": 1194
 },
 {
  "Time": 17.05229353904724,
  "Velocity": 896
 },
 {
  "Time": 17.254027605056763,
  "Velocity": 1194
 },
 {
  "Time": 17.453022480010986,
  "Velocity": 900
 },
 {
  "Time": 17.654025316238403,
  "Velocity": 896
 },
 {
  "Time": 17.854209423065186,
  "Velocity": 896
 },
 {
  "Time": 18.05621099472046,
  "Velocity": 1200
 },
 {
  "Time": 18.255574703216553,
  "Velocity": 896
 },
 {
  "Time": 18.45657777786255,
  "Velocity": 597
 },
 {
  "Time": 18.6575870513916,
  "Velocity": 1194
 },
 {
  "Time": 18.857690811157227,
  "Velocity": 900
 },
 {
  "Time": 19.058696269989014,
  "Velocity": 896
 },
 {
  "Time": 19.260414361953735,
  "Velocity": 1194
 },
 {
  "Time": 19.459424257278442,
  "Velocity": 900
 },
 {
  "Time": 19.660093784332275,
  "Velocity": 896
 },
 {
  "Time": 19.860934257507324,
  "Velocity": 896
 },
 {
  "Time": 20.060973405838013,
  "Velocity": 900
 },
 {
  "Time": 20.261865377426147,
  "Velocity": 896
 },
 {
  "Time": 20.463868141174316,
  "Velocity": 1194
 },
 {
  "Time": 20.663808584213257,
  "Velocity": 896
 },
 {
  "Time": 20.863961458206177,
  "Velocity": 900
 },
 {
  "Time": 21.06502628326416,
  "Velocity": 896
 },
 {
  "Time": 21.26593804359436,
  "Velocity": 1194
 },
 {
  "Time": 21.46594500541687,
  "Velocity": 900
 },
 {
  "Time": 21.66680335998535,
  "Velocity": 896
 },
 {
  "Time": 21.867607831954956,
  "Velocity": 900
 },
 {
  "Time": 22.068939685821533,
  "Velocity": 1200
 }
]