[
 {
  "Time": 0.0,
  "Velocity": 0
 },
 {
  "Time": 0.2008352279663086,
  "Velocity": 0
 },
 {
  "Time": 0.401170015335083,
  "Velocity": 0
 },
 {
  "Time": 0.6043796539306641,
  "Velocity": 600
 },
 {
  "Time": 0.8045692443847656,
  "Velocity": 896
 },
 {
  "Time": 1.006059169769287,
  "Velocity": 1194
 },
 {
  "Time": 1.2070722579956055,
  "Velocity": 1200
 },
 {
  "Time": 1.406926155090332,
  "Velocity": 1194
 },
 {
  "Time": 1.6076347827911377,
  "Velocity": 1493
 },
 {
  "Time": 1.8083853721618652,
  "Velocity": 1493
 },
 {
  "Time": 2.0091378688812256,
  "Velocity": 1500
 },
 {
  "Time": 2.210110664367676,
  "Velocity": 1493
 },
 {
  "Time": 2.410846471786499,
  "Velocity": 1493
 },
 {
  "Time": 2.6108672618865967,
  "Velocity": 1800
 },
 {
  "Time": 2.81189227104187,
  "Velocity": 1493
 },
 {
  "Time": 3.0123682022094727,
  "Velocity": 1791
 },
 {
  "Time": 3.2133970260620117,
  "Velocity": 1800
 },
 {
  "Time": 3.4138615131378174,
  "Velocity": 1493
 },
 {
  "Time": 3.6143596172332764,
  "Velocity": 1791
 },
 {
  "Time": 3.815462589263916,
  "Velocity": 1791
 },
 {
  "Time": 4.016035795211792,
  "Velocity": 1800
 },
 {
  "Time": 4.2162840366363525,
  "Velocity": 1791
 },
 {
  "Time": 4.416908264160156,
  "Velocity": 1493
 },
 {
  "Time": 4.6179094314575195,
  "Velocity": 1800
 },
 {
  "Time": 4.818488836288452,
  "Velocity": 1493
 },
 {
  "Time": 5.018579006195068,
  "Velocity": 1791
 },
 {
  "Time": 5.219514846801758,
  "Velocity": 1800
 },
 {
  "Time": 5.420219898223877,
  "Velocity": 1493
 },
 {
  "Time": 5.621161937713623,
  "Velocity": 1493
 },
 {
  "Time": 5.821842908859253,
  "Velocity": 1791
 },
 {
  "Time": 6.022242307662964,
  "Velocity": 1500
 },
 {
  "Time": 6.222740173339844,
  "Velocity": 1493
 },
 {
  "Time": 6.422890663146973,
  "Velocity": 1791
 },
 {
  "Time": 6.62416410446167,
  "Velocity": 1800
 },
 {
  "Time": 6.824192047119141,
  "Velocity": 1791
 },
 {
  "Time": 7.02492880821228,
  "Velocity": 1493
 },
 {
  "Time": 7.2258195877075195,
  "Velocity": 1791
 },
 {
  "Time": 7.42664909362793,
  "Velocity": 1800
 },
 {
  "Time": 7.627160310745239,
  "Velocity": 1791
 },
 {
  "Time": 7.8284752368927,
  "Velocity": 1791
 },
 {
  "Time": 8.028605937957764,
  "Velocity": 1800
 },
 {
  "Time": 8.228758096694946,
  "Velocity": 1493
 },
 {
  "Time": 8.429966926574707,
  "Velocity": 1791
 },
 {
  "Time": 8.631132364273071,
  "Velocity": 2100
 },
 {
  "Time": 8.831802368164062,
  "Velocity": 1791
 },
 {
  "Time": 9.032459735870361,
  "Velocity": 1791
 },
 {
  "Time": 9.233540773391724,
  "Velocity": 1791
 },
 {
  "Time": 9.434040546417236,
  "Velocity": 1800
 },
 {
  "Time": 9.634836435317993,
  "Velocity": 1791
 },
 {
  "Time": 9.836021661758423,
  "Velocity": 1791
 },
 {
  "Time": 10.036208391189575,
  "Velocity": 1800
 },
 {
  "Time": 10.236932277679443,
  "Velocity": 1791
 },
 {
  "Time": 10.437442302703857,
  "Velocity": 1791
 },
 {
  "Time": 10.638607025146484,
  "Velocity": 1791
 },
 {
  "Time": 10.839114665985107,
  "Velocity": 1500
 },
 {
  "Time": 11.039929866790771,
  "Velocity": 1493
 },
 {
  "Time": 11.2406325340271,
  "Velocity": 1782
 },
 {
  "Time": 11.44076132774353,
  "Velocity": 1800
 },
 {
  "Time": 11.641413688659668,
  "Velocity": 1791
 },
 {
  "Time": 11.842416524887085,
  "Velocity": 1791
 },
 {
  "Time": 12.042680263519287,
  "Velocity": 1800
 },
 {
  "Time": 12.243674755096436,
  "Velocity": 1791
 },
 {
  "Time": 12.444147825241089,
  "Velocity": 1493
 },
 {
  "Time": 12.645143985748291,
  "Velocity": 1791
 },
 {
  "Time": 12.845869064331055,
  "Velocity": 1800
 },
 {
  "Time": 13.046753168106079,
  "Velocity": 1791
 },
 {
  "Time": 13.247475385665894,
  "Velocity": 1493
 },
 {
  "Time": 13.447948217391968,
  "Velocity": 1800
 },
 {
  "Time": 13.648734092712402,
  "Velocity": 1791
 },
 {
  "Time": 13.848957538604736,
  "Velocity": 1791
 },
 {
  "Time": 14.049717903137207,
  "Velocity": 1800
 },
 {
  "Time": 14.250427961349487,
  "Velocity": 1791
 },
 {
  "Time": 14.45043683052063,
  "Velocity": 1791
 },
 {
  "Time": 14.651688814163208,
  "Velocity": 1791
 },
 {
  "Time": 14.85182237625122,
  "Velocity": 1800
 },
 {
  "Time": 15.052615404129028,
  "Velocity": 1791
 },
 {
  "Time": 15.25368595123291,
  "Velocity": 1791
 },
 {
  "Time": 15.454475164413452,
  "Velocity": 1800
 },
 {
  "Time": 15.654550313949585,
  "Velocity": 1791
 },
 {
  "Time": 15.856008768081665,
  "Velocity": 1791
 },
 {
  "Time": 16.055967330932617,
  "Velocity": 1791
 },
 {
  "Time": 16.25703716278076,
  "Velocity": 1800
 },
 {
  "Time": 16.45718240737915,
  "Velocity": 1791
 },
 {
  "Time": 16.658034324645996,
  "Velocity": 1791
 },
 {
  "Time": 16.8595130443573,
  "Velocity": 1500
 },
 {
  "Time": 17.05963158607483,
  "Velocity": 1791
 },
 {
  "Time": 17.26039981842041,
  "Velocity": 1791
 },
 {
  "Time": 17.460870504379272,
  "Velocity": 1800
 },
 {
  "Time": 17.661638021469116,
  "Velocity": 1791
 },
 {
  "Time": 17.862595081329346,
  "Velocity": 1791
 },
 {
  "Time": 18.063023328781128,
  "Velocity": 1791
 },
 {
  "Time": 18.26408815383911,
  "Velocity": 1800
 },
 {
  "Time": 18.46406841278076,
  "Velocity": 1791
 },
 {
  "Time": 18.664955615997314,
  "Velocity": 1782
 },
 {
  "Time": 18.866204977035522,
  "Velocity": 1800
 },
 {
  "Time": 19.066322088241577,
  "Velocity": 1791
 },
 {
  "Time": 19.26718020439148,
  "Velocity": 1493
 },
 {
  "Time": 19.4679856300354,
  "Velocity": 1791
 },
 {
  "Time": 19.66849398612976,
  "Velocity": 1800
 },
 {
  "Time": 19.869531869888306,
  "Velocity": 1791
 },
 {
  "Time": 20.069704055786133,
  "Velocity": 1791
 },
 {
  "Time": 20.270801067352295,
  "Velocity": 1800
 },
 {
  "Time": 20.47180724143982,
  "Velocity": 1791
 },
 {
  "Time": 20.67159080505371,
  "Velocity": 1791
 },
 {
  "Time": 20.87259006500244,
  "Velocity": 1500
 },
 {
  "Time": 21.07336115837097,
  "Velocity": 1791
 },
 {
  "Time": 21.274472951889038,
  "Velocity": 1791
 },
 {
  "Time": 21.474839687347412,
  "Velocity": 1791
 },
 {
  "Time": 21.67586398124695,
  "Velocity": 1800
 },
 {
  "Time": 21.87584900856018,
  "Velocity": 1791
 },
 {
  "Time": 22.07651448249817,
  "Velocity": 1791
 }
]