[
 {
  "Time": 0.0,
  "Velocity": 1073
 },
 {
  "Time": 0.19901204109191895,
  "Velocity": 896
 },
 {
  "Time": 0.39980053901672363,
  "Velocity": 597
 },
 {
  "Time": 0.6007976531982422,
  "Velocity": 900
 },
 {
  "Time": 0.8014769554138184,
  "Velocity": 896
 },
 {
  "Time": 1.002345323562622,
  "Velocity": 1493
 },
 {
  "Time": 1.2028756141662598,
  "Velocity": 1500
 },
 {
  "Time": 1.4032716751098633,
  "Velocity": 1493
 },
 {
  "Time": 1.6042828559875488,
  "Velocity": 1791
 },
 {
  "Time": 1.805152177810669,
  "Velocity": 1791
 },
 {
  "Time": 2.0053160190582275,
  "Velocity": 1800
 },
 {
  "Time": 2.2063372135162354,
  "Velocity": 1791
 },
 {
  "Time": 2.4070241451263428,
  "Velocity": 1791
 },
 {
  "Time": 2.6080267429351807,
  "Velocity": 2100
 },
 {
  "Time": 2.808786153793335,
  "Velocity": 2090
 },
 {
  "Time": 3.009237051010132,
  "Velocity": 2090
 },
 {
  "Time": 3.2095015048980713,
  "Velocity": 1800
 },
 {
  "Time": 3.410428047180176,
  "Velocity": 2090
 },
 {
  "Time": 3.6105711460113525,
  "Velocity": 2090
 },
 {
  "Time": 3.811591625213623,
  "Velocity": 2090
 },
 {
  "Time": 4.012572288513184,
  "Velocity": 1800
 },
 {
  "Time": 4.2133564949035645,
  "Velocity": 2090
 },
 {
  "Time": 4.413116931915283,
  "Velocity": 2090
 },
 {
  "Time": 4.613852024078369,
  "Velocity": 2100
 },
 {
  "Time": 4.814480304718018,
  "Velocity": 2090
 },
 {
  "Time": 5.015001535415649,
  "Velocity": 2090
 },
 {
  "Time": 5.215503692626953,
  "Velocity": 2090
 },
 {
  "Time": 5.416110038757324,
  "Velocity": 2400
 },
 {
  "Time": 5.617099285125732,
  "Velocity": 2100
 },
 {
  "Time": 5.817686557769775,
  "Velocity": 2079
 },
 {
  "Time": 6.019198656082153,
  "Velocity": 2100
 },
 {
  "Time": 6.218660354614258,
  "Velocity": 2090
 },
 {
  "Time": 6.41973352432251,
  "Velocity": 2100
 },
 {
  "Time": 6.620780944824219,
  "Velocity": 2100
 },
 {
  "Time": 6.8208909034729,
  "Velocity": 2090
 },
 {
  "Time": 7.021937847137451,
  "Velocity": 2090
 },
 {
  "Time": 7.22273063659668,
  "Velocity": 2090
 },
 {
  "Time": 7.422727346420288,
  "Velocity": 2100
 },
 {
  "Time": 7.6237030029296875,
  "Velocity": 2090
 },
 {
  "Time": 7.82474160194397,
  "Velocity": 2079
 },
 {
  "Time": 8.024940252304077,
  "Velocity": 2100
 },
 {
  "Time": 8.225931406021118,
  "Velocity": 2090
 },
 {
  "Time": 8.426639556884766,
  "Velocity": 2090
 },
 {
  "Time": 8.628045082092285,
  "Velocity": 2111
 },
 {
  "Time": 8.82867169380188,
  "Velocity": 2079
 },
 {
  "Time": 9.028908729553223,
  "Velocity": 2090
 },
 {
  "Time": 9.229568243026733,
  "Velocity": 2090
 },
 {
  "Time": 9.430652379989624,
  "Velocity": 2100
 },
 {
  "Time": 9.631124258041382,
  "Velocity": 2090
 },
 {
  "Time": 9.831709623336792,
  "Velocity": 2090
 },
 {
  "Time": 10.03274941444397,
  "Velocity": 2100
 },
 {
  "Time": 10.233454465866089,
  "Velocity": 2090
 },
 {
  "Time": 10.433666229248047,
  "Velocity": 2090
 },
 {
  "Time": 10.634788036346436,
  "Velocity": 2090
 },
 {
  "Time": 10.835898160934448,
  "Velocity": 2100
 },
 {
  "Time": 11.036484718322754,
  "Velocity": 2090
 },
 {
  "Time": 11.237641334533691,
  "Velocity": 2090
 },
 {
  "Time": 11.437613248825073,
  "Velocity": 2100
 },
 {
  "Time": 11.638431072235107,
  "Velocity": 2090
 },
 {
  "Time": 11.83922815322876,
  "Velocity": 2090
 },
 {
  "Time": 12.039558410644531,
  "Velocity": 2100
 },
 {
  "Time": 12.239948987960815,
  "Velocity": 2090
 },
 {
  "Time": 12.44089937210083,
  "Velocity": 2090
 },
 {
  "Time": 12.641993284225464,
  "Velocity": 2090
 },
 {
  "Time": 12.841921091079712,
  "Velocity": 2100
 },
 {
  "Time": 13.042500495910645,
  "Velocity": 2090
 },
 {
  "Time": 13.243579149246216,
  "Velocity": 2090
 },
 {
  "Time": 13.443782091140747,
  "Velocity": 2100
 },
 {
  "Time": 13.64508318901062,
  "Velocity": 2388
 },
 {
  "Time": 13.845756530761719,
  "Velocity": 2090
 },
 {
  "Time": 14.04591703414917,
  "Velocity": 2100
 },
 {
  "Time": 14.246651411056519,
  "Velocity": 2090
 },
 {
  "Time": 14.447686910629272,
  "Velocity": 2090
 },
 {
  "Time": 14.648194074630737,
  "Velocity": 2090
 },
 {
  "Time": 14.848260164260864,
  "Velocity": 2100
 },
 {
  "Time": 15.049265623092651,
  "Velocity": 2090
 },
 {
  "Time": 15.24994421005249,
  "Velocity": 2090
 },
 {
  "Time": 15.45118498802185,
  "Velocity": 2100
 },
 {
  "Time": 15.651339769363403,
  "Velocity": 2090
 },
 {
  "Time": 15.851715803146362,
  "Velocity": 2090
 },
 {
  "Time": 16.052757024765015,
  "Velocity": 2079
 },
 {
  "Time": 16.253061056137085,
  "Velocity": 2100
 },
 {
  "Time": 16.45405602455139,
  "Velocity": 2388
 },
 {
  "Time": 16.65526819229126,
  "Velocity": 2090
 },
 {
  "Time": 16.8552725315094,
  "Velocity": 2100
 },
 {
  "Time": 17.056485414505005,
  "Velocity": 2090
 },
 {
  "Time": 17.25696110725403,
  "Velocity": 2090
 },
 {
  "Time": 17.457502841949463,
  "Velocity": 2100
 },
 {
  "Time": 17.658397436141968,
  "Velocity": 2090
 },
 {
  "Time": 17.858777046203613,
  "Velocity": 2090
 },
 {
  "Time": 18.05977964401245,
  "Velocity": 2090
 },
 {
  "Time": 18.260501861572266,
  "Velocity": 2400
 },
 {
  "Time": 18.46049690246582,
  "Velocity": 2090
 },
 {
  "Time": 18.661744356155396,
  "Velocity": 2090
 },
 {
  "Time": 18.862680196762085,
  "Velocity": 2400
 },
 {
  "Time": 19.062680959701538,
  "Velocity": 2090
 },
 {
  "Time": 19.264052152633667,
  "Velocity": 2090
 },
 {
  "Time": 19.4640474319458,
  "Velocity": 2090
 },
 {
  "Time": 19.664971828460693,
  "Velocity": 2100
 },
 {
  "Time": 19.866118907928467,
  "Velocity": 2090
 },
 {
  "Time": 20.066696405410767,
  "Velocity": 2090
 },
 {
  "Time": 20.26745319366455,
  "Velocity": 2100
 },
 {
  "Time": 20.467305898666382,
  "Velocity": 2090
 },
 {
  "Time": 20.66812777519226,
  "Velocity": 2090
 },
 {
  "Time": 20.86950659751892,
  "Velocity": 2400
 },
 {
  "Time": 21.07003164291382,
  "Velocity": 2090
 },
 {
  "Time": 21.270769834518433,
  "Velocity": 2090
 },
 {
  "Time": 21.47126269340515,
  "Velocity": 2090
 },
 {
  "Time": 21.67225956916809,
  "Velocity": 2100
 },
 {
  "Time": 21.872477054595947,
  "Velocity": 2090
 }
]