[
 {
  "Time": 0.0,
  "Velocity": -1013
 },
 {
  "Time": 0.20076441764831543,
  "Velocity": -1194
 },
 {
  "Time": 0.39974403381347656,
  "Velocity": 299
 },
 {
  "Time": 0.6004998683929443,
  "Velocity": 900
 },
 {
  "Time": 0.8013217449188232,
  "Velocity": 1493
 },
 {
  "Time": 1.0021569728851318,
  "Velocity": 1194
 },
 {
  "Time": 1.2024621963500977,
  "Velocity": 1791
 },
 {
  "Time": 1.4038629531860352,
  "Velocity": 2100
 },
 {
  "Time": 1.6043908596038818,
  "Velocity": 2090
 },
 {
  "Time": 1.8053276538848877,
  "Velocity": 2090
 },
 {
  "Time": 2.0056262016296387,
  "Velocity": 2400
 },
 {
  "Time": 2.205751419067383,
  "Velocity": 2388
 },
 {
  "Time": 2.4067564010620117,
  "Velocity": 2687
 },
 {
  "Time": 2.607522964477539,
  "Velocity": 2388
 },
 {
  "Time": 2.8075308799743652,
  "Velocity": 2100
 },
 {
  "Time": 3.008254289627075,
  "Velocity": 2388
 },
 {
  "Time": 3.209552049636841,
  "Velocity": 2388
 },
 {
  "Time": 3.4101834297180176,
  "Velocity": 2700
 },
 {
  "Time": 3.611090660095215,
  "Velocity": 2388
 },
 {
  "Time": 3.8107903003692627,
  "Velocity": 2687
 },
 {
  "Time": 4.011866331100464,
  "Velocity": 2400
 },
 {
  "Time": 4.212457895278931,
  "Velocity": 2687
 },
 {
  "Time": 4.412452936172485,
  "Velocity": 2687
 },
 {
  "Time": 4.613985300064087,
  "Velocity": 2687
 },
 {
  "Time": 4.814489126205444,
  "Velocity": 2700
 },
 {
  "Time": 5.0155720710754395,
  "Velocity": 2388
 },
 {
  "Time": 5.216042995452881,
  "Velocity": 2687
 },
 {
  "Time": 5.416045904159546,
  "Velocity": 2400
 },
 {
  "Time": 5.61664080619812,
  "Velocity": 2687
 },
 {
  "Time": 5.81754732131958,
  "Velocity": 2687
 },
 {
  "Time": 6.018545627593994,
  "Velocity": 2687
 },
 {
  "Time": 6.218573808670044,
  "Velocity": 2700
 },
 {
  "Time": 6.41957688331604,
  "Velocity": 2687
 },
 {
  "Time": 6.619820833206177,
  "Velocity": 2687
 },
 {
  "Time": 6.820308208465576,
  "Velocity": 2700
 },
 {
  "Time": 7.021393299102783,
  "Velocity": 2687
 },
 {
  "Time": 7.22193169593811,
  "Velocity": 2687
 },
 {
  "Time": 7.4221179485321045,
  "Velocity": 2700
 },
 {
  "Time": 7.6234447956085205,
  "Velocity": 2700
 },
 {
  "Time": 7.823482036590576,
  "Velocity": 2687
 },
 {
  "Time": 8.02482557296753,
  "Velocity": 2673
 },
 {
  "Time": 8.224838256835938,
  "Velocity": 2700
 },
 {
  "Time": 8.426663637161255,
  "Velocity": 2687
 },
 {
  "Time": 8.627669095993042,
  "Velocity": 2388
 },
 {
  "Time": 8.82823395729065,
  "Velocity": 2700
 },
 {
  "Time": 9.028522253036499,
  "Velocity": 2687
 },
 {
  "Time": 9.229300260543823,
  "Velocity": 2985
 },
 {
  "Time": 9.43082070350647,
  "Velocity": 2700
 },
 {
  "Time": 9.630886554718018,
  "Velocity": 2388
 },
 {
  "Time": 9.832259893417358,
  "Velocity": 2687
 },
 {
  "Time": 10.031903982162476,
  "Velocity": 2687
 },
 {
  "Time": 10.233353853225708,
  "Velocity": 2700
 },
 {
  "Time": 10.434016942977905,
  "Velocity": 2687
 },
 {
  "Time": 10.633896827697754,
  "Velocity": 2687
 },
 {
  "Time": 10.835131883621216,
  "Velocity": 2700
 },
 {
  "Time": 11.035090923309326,
  "Velocity": 2687
 },
 {
  "Time": 11.236079216003418,
  "Velocity": 2388
 },
 {
  "Time": 11.436625719070435,
  "Velocity": 2687
 },
 {
  "Time": 11.637229442596436,
  "Velocity": 2700
 },
 {
  "Time": 11.838252544403076,
  "Velocity": 2687
 },
 {
  "Time": 12.039352416992188,
  "Velocity": 2687
 },
 {
  "Time": 12.239213228225708,
  "Velocity": 2700
 },
 {
  "Time": 12.44027829170227,
  "Velocity": 2388
 },
 {
  "Time": 12.641278266906738,
  "Velocity": 2388
 },
 {
  "Time": 12.842119455337524,
  "Velocity": 2700
 },
 {
  "Time": 13.042696237564087,
  "Velocity": 2687
 },
 {
  "Time": 13.243350982666016,
  "Velocity": 2388
 },
 {
  "Time": 13.444133758544922,
  "Velocity": 2687
 },
 {
  "Time": 13.644126415252686,
  "Velocity": 2700
 },
 {
  "Time": 13.845179080963135,
  "Velocity": 2687
 },
 {
  "Time": 14.045743942260742,
  "Velocity": 2687
 },
 {
  "Time": 14.246723413467407,
  "Velocity": 2400
 },
 {
  "Time": 14.447385549545288,
  "Velocity": 2687
 },
 {
  "Time": 14.647464275360107,
  "Velocity": 2687
 },
 {
  "Time": 14.84840202331543,
  "Velocity": 2700
 },
 {
  "Time": 15.049396514892578,
  "Velocity": 2687
 },
 {
  "Time": 15.249727487564087,
  "Velocity": 2687
 },
 {
  "Time": 15.450737476348877,
  "Velocity": 2687
 },
 {
  "Time": 15.650825262069702,
  "Velocity": 2687
 },
 {
  "Time": 15.852175235748291,
  "Velocity": 2687
 },
 {
  "Time": 16.05204486846924,
  "Velocity": 2687
 },
 {
  "Time": 16.252960920333862,
  "Velocity": 2700
 },
 {
  "Time": 16.45405912399292,
  "Velocity": 2687
 },
 {
  "Time": 16.655024528503418,
  "Velocity": 2388
 },
 {
  "Time": 16.855595588684082,
  "Velocity": 2687
 },
 {
  "Time": 17.055770874023438,
  "Velocity": 2400
 },
 {
  "Time": 17.25693106651306,
  "Velocity": 2687
 },
 {
  "Time": 17.4574294090271,
  "Velocity": 2687
 },
 {
  "Time": 17.65804386138916,
  "Velocity": 2700
 },
 {
  "Time": 17.85891318321228,
  "Velocity": 2687
 },
 {
  "Time": 18.059972047805786,
  "Velocity": 2687
 },
 {
  "Time": 18.259931802749634,
  "Velocity": 2700
 },
 {
  "Time": 18.46096634864807,
  "Velocity": 2687
 },
 {
  "Time": 18.660974502563477,
  "Velocity": 2687
 },
 {
  "Time": 18.86243510246277,
  "Velocity": 2388
 },
 {
  "Time": 19.06246542930603,
  "Velocity": 2700
 },
 {
  "Time": 19.263481855392456,
  "Velocity": 2687
 },
 {
  "Time": 19.46364951133728,
  "Velocity": 2687
 },
 {
  "Time": 19.664597988128662,
  "Velocity": 2700
 },
 {
  "Time": 19.865320205688477,
  "Velocity": 2388
 },
 {
  "Time": 20.06625747680664,
  "Velocity": 2687
 },
 {
  "Time": 20.267331838607788,
  "Velocity": 2687
 },
 {
  "Time": 20.467482328414917,
  "Velocity": 2400
 },
 {
  "Time": 20.668505668640137,
  "Velocity": 2687
 },
 {
  "Time": 20.8690824508667,
  "Velocity": 2687
 },
 {
  "Time": 21.06907606124878,
  "Velocity": 2700
 },
 {
  "Time": 21.270073413848877,
  "Velocity": 2687
 },
 {
  "Time": 21.470016717910767,
  "Velocity": 2687
 },
 {
  "Time": 21.671550273895264,
  "Velocity": 2700
 },
 {
  "Time": 21.871439933776855,
  "Velocity": 2687
 }
]