[
 {
  "Time": 0.0,
  "Velocity": 0
 },
 {
  "Time": 0.20038461685180664,
  "Velocity": 0
 },
 {
  "Time": 0.4022257328033447,
  "Velocity": 603
 },
 {
  "Time": 0.6032204627990723,
  "Velocity": 896
 },
 {
  "Time": 0.8044695854187012,
  "Velocity": 1493
 },
 {
  "Time": 1.0057482719421387,
  "Velocity": 2100
 },
 {
  "Time": 1.2059080600738525,
  "Velocity": 2388
 },
 {
  "Time": 1.406930923461914,
  "Velocity": 2090
 },
 {
  "Time": 1.6072931289672852,
  "Velocity": 2687
 },
 {
  "Time": 1.8084959983825684,
  "Velocity": 2700
 },
 {
  "Time": 2.009126901626587,
  "Velocity": 2687
 },
 {
  "Time": 2.209123134613037,
  "Velocity": 2687
 },
 {
  "Time": 2.409970283508301,
  "Velocity": 3000
 },
 {
  "Time": 2.6109142303466797,
  "Velocity": 3284
 },
 {
  "Time": 2.811140537261963,
  "Velocity": 2985
 },
 {
  "Time": 3.012268304824829,
  "Velocity": 3000
 },
 {
  "Time": 3.2132678031921387,
  "Velocity": 2985
 },
 {
  "Time": 3.4132156372070312,
  "Velocity": 3284
 },
 {
  "Time": 3.6133334636688232,
  "Velocity": 3284
 },
 {
  "Time": 3.814222574234009,
  "Velocity": 3300
 },
 {
  "Time": 4.015369653701782,
  "Velocity": 2985
 },
 {
  "Time": 4.215985536575317,
  "Velocity": 3284
 },
 {
  "Time": 4.416603088378906,
  "Velocity": 3000
 },
 {
  "Time": 4.617775917053223,
  "Velocity": 3284
 },
 {
  "Time": 4.817537307739258,
  "Velocity": 3284
 },
 {
  "Time": 5.018597364425659,
  "Velocity": 3300
 },
 {
  "Time": 5.219409465789795,
  "Velocity": 2985
 },
 {
  "Time": 5.419418811798096,
  "Velocity": 3284
 },
 {
  "Time": 5.620203495025635,
  "Velocity": 3284
 },
 {
  "Time": 5.82120156288147,
  "Velocity": 3300
 },
 {
  "Time": 6.021728038787842,
  "Velocity": 3284
 },
 {
  "Time": 6.221804857254028,
  "Velocity": 3284
 },
 {
  "Time": 6.422803163528442,
  "Velocity": 3300
 },
 {
  "Time": 6.623573541641235,
  "Velocity": 3284
 },
 {
  "Time": 6.824506759643555,
  "Velocity": 2985
 },
 {
  "Time": 7.024585247039795,
  "Velocity": 2985
 },
 {
  "Time": 7.225261211395264,
  "Velocity": 3000
 },
 {
  "Time": 7.4263293743133545,
  "Velocity": 3284
 },
 {
  "Time": 7.627280235290527,
  "Velocity": 2985
 },
 {
  "Time": 7.827278137207031,
  "Velocity": 3300
 },
 {
  "Time": 8.02828860282898,
  "Velocity": 3284
 },
 {
  "Time": 8.229653596878052,
  "Velocity": 2985
 },
 {
  "Time": 8.430655717849731,
  "Velocity": 3000
 },
 {
  "Time": 8.63168454170227,
  "Velocity": 3284
 },
 {
  "Time": 8.831700563430786,
  "Velocity": 2970
 },
 {
  "Time": 9.032694578170776,
  "Velocity": 3284
 },
 {
  "Time": 9.2336266040802,
  "Velocity": 3000
 },
 {
  "Time": 9.433629751205444,
  "Velocity": 2985
 },
 {
  "Time": 9.63456130027771,
  "Velocity": 3284
 },
 {
  "Time": 9.835589408874512,
  "Velocity": 3300
 },
 {
  "Time": 10.035635232925415,
  "Velocity": 3582
 },
 {
  "Time": 10.23698878288269,
  "Velocity": 3582
 },
 {
  "Time": 10.436994314193726,
  "Velocity": 2985
 },
 {
  "Time": 10.638412952423096,
  "Velocity": 3000
 },
 {
  "Time": 10.838379621505737,
  "Velocity": 3284
 },
 {
  "Time": 11.039392471313477,
  "Velocity": 3582
 },
 {
  "Time": 11.239951133728027,
  "Velocity": 3300
 },
 {
  "Time": 11.44099235534668,
  "Velocity": 2985
 },
 {
  "Time": 11.641004800796509,
  "Velocity": 2985
 },
 {
  "Time": 11.842653036117554,
  "Velocity": 3000
 },
 {
  "Time": 12.04260802268982,
  "Velocity": 3284
 },
 {
  "Time": 12.243870973587036,
  "Velocity": 3284
 },
 {
  "Time": 12.443947076797485,
  "Velocity": 3284
 },
 {
  "Time": 12.644943714141846,
  "Velocity": 3000
 },
 {
  "Time": 12.845629215240479,
  "Velocity": 2985
 },
 {
  "Time": 13.045869827270508,
  "Velocity": 2985
 },
 {
  "Time": 13.24709439277649,
  "Velocity": 3300
 },
 {
  "Time": 13.447529077529907,
  "Velocity": 3284
 },
 {
  "Time": 13.64852786064148,
  "Velocity": 2985
 },
 {
  "Time": 13.849306106567383,
  "Velocity": 3300
 },
 {
  "Time": 14.04967737197876,
  "Velocity": 2985
 },
 {
  "Time": 14.250665664672852,
  "Velocity": 2985
 },
 {
  "Time": 14.450737714767456,
  "Velocity": 3582
 },
 {
  "Time": 14.651668787002563,
  "Velocity": 3600
 },
 {
  "Time": 14.852891206741333,
  "Velocity": 2985
 },
 {
  "Time": 15.05289912223816,
  "Velocity": 2985
 },
 {
  "Time": 15.25359296798706,
  "Velocity": 3000
 },
 {
  "Time": 15.45462703704834,
  "Velocity": 3284
 },
 {
  "Time": 15.65552306175232,
  "Velocity": 3267
 },
 {
  "Time": 15.855957508087158,
  "Velocity": 3284
 },
 {
  "Time": 16.056358575820923,
  "Velocity": 3000
 },
 {
  "Time": 16.256831884384155,
  "Velocity": 2687
 },
 {
  "Time": 16.45780324935913,
  "Velocity": 3284
 },
 {
  "Time": 16.65885043144226,
  "Velocity": 3300
 },
 {
  "Time": 16.858914613723755,
  "Velocity": 3582
 },
 {
  "Time": 17.059712409973145,
  "Velocity": 2985
 },
 {
  "Time": 17.25997257232666,
  "Velocity": 3000
 },
 {
  "Time": 17.46113657951355,
  "Velocity": 2985
 },
 {
  "Time": 17.66170597076416,
  "Velocity": 3284
 },
 {
  "Time": 17.86185383796692,
  "Velocity": 3284
 },
 {
  "Time": 18.062845945358276,
  "Velocity": 3300
 },
 {
  "Time": 18.263309955596924,
  "Velocity": 2985
 },
 {
  "Time": 18.464324235916138,
  "Velocity": 2985
 },
 {
  "Time": 18.665366888046265,
  "Velocity": 3000
 },
 {
  "Time": 18.86622142791748,
  "Velocity": 3284
 },
 {
  "Time": 19.066518783569336,
  "Velocity": 3582
 },
 {
  "Time": 19.26677441596985,
  "Velocity": 3284
 },
 {
  "Time": 19.46779179573059,
  "Velocity": 3000
 },
 {
  "Time": 19.668553352355957,
  "Velocity": 2985
 },
 {
  "Time": 19.869306325912476,
  "Velocity": 3284
 },
 {
  "Time": 20.069747924804688,
  "Velocity": 3300
 },
 {
  "Time": 20.2707359790802,
  "Velocity": 3582
 },
 {
  "Time": 20.471101760864258,
  "Velocity": 3284
 },
 {
  "Time": 20.671605110168457,
  "Velocity": 3000
 },
 {
  "Time": 20.87248921394348,
  "Velocity": 2985
 },
 {
  "Time": 21.073448657989502,
  "Velocity": 3284
 },
 {
  "Time": 21.274355173110962,
  "Velocity": 3284
 },
 {
  "Time": 21.474650859832764,
  "Velocity": 3600
 },
 {
  "Time": 21.675689458847046,
  "Velocity": 3284
 }
]